ISO-10303-21;
HEADER;
FILE_DESCRIPTION (( 'STEP AP214' ),
    '1' );
FILE_NAME ('ÅúÍ·.STEP',
    '2026-07-13T13:24:08',
    ( '' ),
    ( '' ),
    'SwSTEP 2.0',
    'SolidWorks 2024',
    '' );
FILE_SCHEMA (( 'AUTOMOTIVE_DESIGN' ));
ENDSEC;

DATA;
#1 = CARTESIAN_POINT ( 'NONE',  ( -18.11654586707817316, 1.594397636237737226, 0.1362049638066748503 ) ) ;
#2 = SURFACE_SIDE_STYLE ('',( #1094 ) ) ;
#3 = ORIENTED_EDGE ( 'NONE', *, *, #1041, .T. ) ;
#4 = CARTESIAN_POINT ( 'NONE',  ( -19.60576139100627202, -1.498950623278130889, -0.5664001325080221250 ) ) ;
#5 = FILL_AREA_STYLE ('',( #637 ) ) ;
#6 = CARTESIAN_POINT ( 'NONE',  ( -22.64724253009546118, -1.389708937984048376, -1.671155992974669990 ) ) ;
#7 = PRODUCT_DEFINITION_CONTEXT ( 'detailed design', #10, 'design' ) ;
#8 = CARTESIAN_POINT ( 'NONE',  ( -25.00000000000000000, 0.1729554614583320993, 0.1325694245591183262 ) ) ;
#9 = ORIENTED_EDGE ( 'NONE', *, *, #604, .T. ) ;
#10 = APPLICATION_CONTEXT ( 'automotive_design' ) ;
#11 = CARTESIAN_POINT ( 'NONE',  ( -22.50000000000005329, -1.299396568249269412, -0.9335783622290432238 ) ) ;
#12 = CARTESIAN_POINT ( 'NONE',  ( -25.00000000000000000, -0.1325694245591166054, -0.1729554614583334871 ) ) ;
#13 = CARTESIAN_POINT ( 'NONE',  ( -18.01254899768525775, -0.04819121268286515741, 1.599371447876522412 ) ) ;
#14 = ORIENTED_EDGE ( 'NONE', *, *, #25, .F. ) ;
#15 = CARTESIAN_POINT ( 'NONE',  ( -20.31757390526546914, -1.577164288174102147, 0.8563756892941333243 ) ) ;
#16 = AXIS2_PLACEMENT_3D ( 'NONE', #1066, #1070, #617 ) ;
#17 = COLOUR_RGB ( '',1.000000000000000000, 1.000000000000000000, 1.000000000000000000 ) ;
#18 = CIRCLE ( 'NONE', #648, 0.2499999999999935052 ) ;
#19 = CARTESIAN_POINT ( 'NONE',  ( -25.00000000000000000, 0.1532088886237980008, -0.1975526169066292581 ) ) ;
#20 = CARTESIAN_POINT ( 'NONE',  ( -22.50000000000003908, -1.299506890268030457, 0.9334247919066175347 ) ) ;
#21 = ORIENTED_EDGE ( 'NONE', *, *, #1045, .F. ) ;
#22 = SURFACE_SIDE_STYLE ('',( #830 ) ) ;
#23 = DIRECTION ( 'NONE',  ( 0.000000000000000000, 0.000000000000000000, -1.000000000000000000 ) ) ;
#24 = FACE_OUTER_BOUND ( 'NONE', #958, .T. ) ;
#25 = EDGE_CURVE ( 'NONE', #785, #731, #216, .T. ) ;
#26 = CARTESIAN_POINT ( 'NONE',  ( -18.00000000000001066, -1.600007250708658457, 0.003979260410513938903 ) ) ;
#27 = DIRECTION ( 'NONE',  ( -1.000000000000000000, -0.000000000000000000, -0.000000000000000000 ) ) ;
#28 = CARTESIAN_POINT ( 'NONE',  ( -22.61667049188538314, 0.1532088886237980008, -0.1975526169066292581 ) ) ;
#29 = AXIS2_PLACEMENT_3D ( 'NONE', #304, #27, #131 ) ;
#30 = EDGE_CURVE ( 'NONE', #1180, #785, #698, .T. ) ;
#31 = CARTESIAN_POINT ( 'NONE',  ( -25.00000000000000000, 0.1975526169066308402, 0.1532088886237959469 ) ) ;
#32 = DIRECTION ( 'NONE',  ( 1.000000000000000000, 0.000000000000000000, -1.710277143924436943E-16 ) ) ;
#33 = PRESENTATION_STYLE_ASSIGNMENT (( #840 ) ) ;
#34 = VERTEX_POINT ( 'NONE', #843 ) ;
#35 = CARTESIAN_POINT ( 'NONE',  ( -25.00000000000000000, 0.1532088886259522775, 0.1975526169076549377 ) ) ;
#36 = CARTESIAN_POINT ( 'NONE',  ( -19.96312733737970291, 0.6339868331432779724, -1.470417600615930409 ) ) ;
#37 =( NAMED_UNIT ( * ) SI_UNIT ( $, .STERADIAN. ) SOLID_ANGLE_UNIT ( ) );
#38 = ORIENTED_EDGE ( 'NONE', *, *, #194, .F. ) ;
#39 = AXIS2_PLACEMENT_3D ( 'NONE', #523, #979, #885 ) ;
#40 = CARTESIAN_POINT ( 'NONE',  ( -25.00000000000000355, 0.7325669987254798121, 0.6021392590825307423 ) ) ;
#41 = ADVANCED_FACE ( 'NONE', ( #577 ), #222, .F. ) ;
#42 = CARTESIAN_POINT ( 'NONE',  ( -25.00000000000002842, -0.08332723712426796936, 0.1376540976562542762 ) ) ;
#43 = ORIENTED_EDGE ( 'NONE', *, *, #777, .F. ) ;
#44 = APPLICATION_PROTOCOL_DEFINITION ( 'draft international standard', 'automotive_design', 1998, #10 ) ;
#45 = CARTESIAN_POINT ( 'NONE',  ( -25.00000000000000000, 0.1532088886259522775, 0.1975526169076549377 ) ) ;
#46 = CARTESIAN_POINT ( 'NONE',  ( -22.50000000000001776, 1.299396568249282291, 0.9335783622290677597 ) ) ;
#47 = CARTESIAN_POINT ( 'NONE',  ( -18.00000000000000355, 2.320921053379969567, 1.124171602066719622 ) ) ;
#48 = CARTESIAN_POINT ( 'NONE',  ( 25.00000000000000000, 1.599999999999999645, 0.000000000000000000 ) ) ;
#49 = CARTESIAN_POINT ( 'NONE',  ( -19.42804555376091002, -1.512855219086487457, 0.5301953662604380613 ) ) ;
#50 = ORIENTED_EDGE ( 'NONE', *, *, #823, .F. ) ;
#51 = CARTESIAN_POINT ( 'NONE',  ( -19.96312733737968159, 1.470417600615937515, 0.6339868331432608750 ) ) ;
#52 = CARTESIAN_POINT ( 'NONE',  ( -20.31757390526546914, 1.577164288174102147, -0.8563756892941333243 ) ) ;
#53 = FACE_OUTER_BOUND ( 'NONE', #417, .T. ) ;
#54 = CONICAL_SURFACE ( 'NONE', #721, 1.599999999999999645, 0.4951332634684062484 ) ;
#55 = AXIS2_PLACEMENT_3D ( 'NONE', #923, #388, #751 ) ;
#56 = CARTESIAN_POINT ( 'NONE',  ( -18.00000000000000355, 0.1493682072594251231, 1.638356368063487167 ) ) ;
#57 = ORIENTED_EDGE ( 'NONE', *, *, #706, .F. ) ;
#58 = CARTESIAN_POINT ( 'NONE',  ( -20.44248646817139203, -0.1621009734583191975, 0.8842090356323029088 ) ) ;
#59 = CARTESIAN_POINT ( 'NONE',  ( -18.54629215115728513, -0.3013775352812256836, 1.576800761236855974 ) ) ;
#60 = CARTESIAN_POINT ( 'NONE',  ( -18.01428555551406774, 0.05130668679054518899, 1.599284207693321136 ) ) ;
#61 = FILL_AREA_STYLE_COLOUR ( '', #725 ) ;
#62 = EDGE_CURVE ( 'NONE', #1060, #522, #786, .T. ) ;
#63 = CARTESIAN_POINT ( 'NONE',  ( -18.12897881654183507, -1.593835842868964292, 0.1427950448659254246 ) ) ;
#64 = ORIENTED_EDGE ( 'NONE', *, *, #214, .T. ) ;
#65 = CARTESIAN_POINT ( 'NONE',  ( 0.000000000000000000, 0.000000000000000000, 0.000000000000000000 ) ) ;
#66 =( NAMED_UNIT ( * ) PLANE_ANGLE_UNIT ( ) SI_UNIT ( $, .RADIAN. ) );
#67 =( NAMED_UNIT ( * ) SI_UNIT ( $, .STERADIAN. ) SOLID_ANGLE_UNIT ( ) );
#68 = CARTESIAN_POINT ( 'NONE',  ( -24.99999999999997868, -2.827791774532934782E-05, 0.1203341383440529599 ) ) ;
#69 = ORIENTED_EDGE ( 'NONE', *, *, #623, .F. ) ;
#70 = SHAPE_DEFINITION_REPRESENTATION ( #409, #739 ) ;
#71 = CARTESIAN_POINT ( 'NONE',  ( -20.32461156953715786, -2.228425074538239681, 1.550110468823711729 ) ) ;
#72 = SURFACE_SIDE_STYLE ('',( #1166 ) ) ;
#73 = EDGE_CURVE ( 'NONE', #984, #34, #380, .T. ) ;
#74 = SURFACE_STYLE_USAGE ( .BOTH. , #2 ) ;
#75 = ORIENTED_EDGE ( 'NONE', *, *, #492, .T. ) ;
#76 = PRESENTATION_LAYER_ASSIGNMENT (  '', '', ( #311 ) ) ;
#77 = EDGE_CURVE ( 'NONE', #249, #306, #404, .T. ) ;
#78 = CARTESIAN_POINT ( 'NONE',  ( 0.000000000000000000, 0.000000000000000000, 0.000000000000000000 ) ) ;
#79 = CARTESIAN_POINT ( 'NONE',  ( -18.40347186615440123, -0.2443673770161773340, -1.581521445907684065 ) ) ;
#80 = CARTESIAN_POINT ( 'NONE',  ( -22.50000000000000355, 0.000000000000000000, 0.000000000000000000 ) ) ;
#81 = CARTESIAN_POINT ( 'NONE',  ( -18.00000000000000711, -1.600013649028807272, -0.003979682306033939521 ) ) ;
#82 = ORIENTED_EDGE ( 'NONE', *, *, #396, .F. ) ;
#83 = FILL_AREA_STYLE_COLOUR ( '', #681 ) ;
#84 = CARTESIAN_POINT ( 'NONE',  ( -22.61667049188538314, -0.1975526169066308402, -0.1532088886237959469 ) ) ;
#85 = CARTESIAN_POINT ( 'NONE',  ( -20.30949321845393385, -0.2784500335158014983, -1.034100491437965452 ) ) ;
#86 = CARTESIAN_POINT ( 'NONE',  ( -18.20113377625996876, 1.590808908852754833, 0.1712513226655630327 ) ) ;
#87 =( NAMED_UNIT ( * ) SI_UNIT ( $, .STERADIAN. ) SOLID_ANGLE_UNIT ( ) );
#88 = ORIENTED_EDGE ( 'NONE', *, *, #364, .F. ) ;
#89 = CARTESIAN_POINT ( 'NONE',  ( -18.00000000000002132, -2.154254386713300828, 0.8861469342763695911 ) ) ;
#90 = CARTESIAN_POINT ( 'NONE',  ( -18.00118450608866638, 1.599937307057251568, 0.02719334618759659816 ) ) ;
#91 = LINE ( 'NONE', #811, #368 ) ;
#92 = ORIENTED_EDGE ( 'NONE', *, *, #62, .F. ) ;
#93 = B_SPLINE_CURVE_WITH_KNOTS ( 'NONE', 3,
 ( #302, #1106, #13, #826, #742, #749, #658, #1015 ),
 .UNSPECIFIED., .F., .F.,
 ( 4, 2, 2, 4 ),
 ( 0.000000000000000000, 6.849175650559015123E-05, 0.0001369835130111802753, 0.0002739670260223605507 ),
 .UNSPECIFIED. ) ;
#94 = CARTESIAN_POINT ( 'NONE',  ( -20.31329965100341894, -1.250934644171041610, 0.5097013466905037093 ) ) ;
#95 = CARTESIAN_POINT ( 'NONE',  ( -25.00000000000003197, -1.166290442250129233, -1.404896198031772014 ) ) ;
#96 = CARTESIAN_POINT ( 'NONE',  ( -25.00000000000002842, -0.1376540976562545815, -0.08332723712426749751 ) ) ;
#97 = ORIENTED_EDGE ( 'NONE', *, *, #354, .F. ) ;
#98 = CARTESIAN_POINT ( 'NONE',  ( -18.89744533108681424, -1.551793346327739131, -0.3994990505920630874 ) ) ;
#99 = CARTESIAN_POINT ( 'NONE',  ( -22.64328131213773787, -1.166290442250129233, -1.404896198031771792 ) ) ;
#100 = UNCERTAINTY_MEASURE_WITH_UNIT (LENGTH_MEASURE( 1.000000000000000082E-05 ), #160, 'distance_accuracy_value', 'NONE');
#101 = CARTESIAN_POINT ( 'NONE',  ( -18.15836078029493450, 0.1551105675938468376, -1.592546468681264260 ) ) ;
#102 = ORIENTED_EDGE ( 'NONE', *, *, #745, .F. ) ;
#103 = CARTESIAN_POINT ( 'NONE',  ( -22.64724253009546118, -1.671155992974655558, 1.389708937984065917 ) ) ;
#104 = CARTESIAN_POINT ( 'NONE',  ( -22.62659930200684499, -0.4869184463736471180, -0.5952521812380540123 ) ) ;
#105 = ORIENTED_EDGE ( 'NONE', *, *, #402, .F. ) ;
#106 = CARTESIAN_POINT ( 'NONE',  ( 0.000000000000000000, 0.000000000000000000, 0.000000000000000000 ) ) ;
#107 = CARTESIAN_POINT ( 'NONE',  ( -22.68589262728662348, 0.1532088886237980008, -0.1975526169066292581 ) ) ;
#108 = MECHANICAL_DESIGN_GEOMETRIC_PRESENTATION_REPRESENTATION (  '', ( #583 ), #426 ) ;
#109 = VECTOR ( 'NONE', #1120, 1000.000000000000000 ) ;
#110 = CARTESIAN_POINT ( 'NONE',  ( -18.00000000000000355, 1.947573223427328105E-14, -1.899999999999999689 ) ) ;
#111 = CARTESIAN_POINT ( 'NONE',  ( -18.01254899768525064, 0.04819121268287615556, -1.599371447876521302 ) ) ;
#112 = EDGE_LOOP ( 'NONE', ( #713, #827 ) ) ;
#113 = UNCERTAINTY_MEASURE_WITH_UNIT (LENGTH_MEASURE( 1.000000000000000082E-05 ), #1173, 'distance_accuracy_value', 'NONE');
#114 = DIRECTION ( 'NONE',  ( -1.000000000000000000, -0.000000000000000000, -0.000000000000000000 ) ) ;
#115 = EDGE_CURVE ( 'NONE', #704, #798, #183, .T. ) ;
#116 = FILL_AREA_STYLE ('',( #929 ) ) ;
#117 = CARTESIAN_POINT ( 'NONE',  ( -20.30773125568212834, 0.8742111633404373583, 0.08989199575424411393 ) ) ;
#118 = CARTESIAN_POINT ( 'NONE',  ( -18.40347186615565178, 1.581521445907617673, -0.2443673770166124304 ) ) ;
#119 = SURFACE_STYLE_FILL_AREA ( #933 ) ;
#120 = ORIENTED_EDGE ( 'NONE', *, *, #538, .F. ) ;
#121 = CARTESIAN_POINT ( 'NONE',  ( -18.00000000000000711, -1.599983918515815340, 0.0004583305888336716119 ) ) ;
#122 = CARTESIAN_POINT ( 'NONE',  ( -25.00000000000000000, 0.1729554614583320993, 0.1325694245591183262 ) ) ;
#123 =( NAMED_UNIT ( * ) SI_UNIT ( $, .STERADIAN. ) SOLID_ANGLE_UNIT ( ) );
#124 = CARTESIAN_POINT ( 'NONE',  ( -18.00000000000000355, 1.899999999999999689, -4.257113971325781865E-16 ) ) ;
#125 = EDGE_LOOP ( 'NONE', ( #182, #245, #267 ) ) ;
#126 = EDGE_CURVE ( 'NONE', #332, #977, #1155, .T. ) ;
#127 = SURFACE_STYLE_USAGE ( .BOTH. , #1137 ) ;
#128 = CARTESIAN_POINT ( 'NONE',  ( -20.30833524594268980, 0.9259035018099666114, 0.1626409097645547530 ) ) ;
#129 = AXIS2_PLACEMENT_3D ( 'NONE', #890, #996, #911 ) ;
#130 = COLOUR_RGB ( '',1.000000000000000000, 1.000000000000000000, 1.000000000000000000 ) ;
#131 = DIRECTION ( 'NONE',  ( 0.000000000000000000, 0.000000000000000000, 1.000000000000000000 ) ) ;
#132 = CARTESIAN_POINT ( 'NONE',  ( -25.00000000000000000, 0.2634999506397291968, 0.3289923862951527611 ) ) ;
#133 = CONICAL_SURFACE ( 'NONE', #334, 1.599999999999999645, 0.4951332634684062484 ) ;
#134 = FILL_AREA_STYLE_COLOUR ( '', #726 ) ;
#135 = CARTESIAN_POINT ( 'NONE',  ( -18.20113377625996876, 1.590808908852754833, 0.1712513226655630327 ) ) ;
#136 = CARTESIAN_POINT ( 'NONE',  ( -18.00000000000000355, 1.654254386713302161, 0.1720729309053135869 ) ) ;
#137 = DIRECTION ( 'NONE',  ( 0.000000000000000000, 0.000000000000000000, -1.000000000000000000 ) ) ;
#138 = CARTESIAN_POINT ( 'NONE',  ( -21.72543522816400241, -1.339025842342414618, 0.8784068076382379742 ) ) ;
#139 =( NAMED_UNIT ( * ) SI_UNIT ( $, .STERADIAN. ) SOLID_ANGLE_UNIT ( ) );
#140 = CARTESIAN_POINT ( 'NONE',  ( -18.11654586707817316, -1.594397636237737226, -0.1362049638066748503 ) ) ;
#141 = B_SPLINE_SURFACE_WITH_KNOTS ( 'NONE', 3, 3, ( 
 ( #136, #128, #570, #747 ),
 ( #931, #303, #471, #40 ),
 ( #47, #854, #663, #391 ),
 ( #767, #308, #476, #1115 ) ),
 .UNSPECIFIED., .F., .F., .F.,
 ( 4, 4 ),
 ( 4, 4 ),
 ( 0.000000000000000000, 1.000000000000000000 ),
 ( 0.000000000000000000, 1.000000000000000000 ),
 .UNSPECIFIED. ) ;
#142 = CARTESIAN_POINT ( 'NONE',  ( -23.33326321676721093, -0.9207826881175096290, 0.6893936593976013327 ) ) ;
#143 = CARTESIAN_POINT ( 'NONE',  ( -17.99999999999999289, 1.906617107104034536, -0.5324842470073539724 ) ) ;
#144 = CARTESIAN_POINT ( 'NONE',  ( -14.00000000000000000, 0.000000000000000000, 0.000000000000000000 ) ) ;
#145 = CARTESIAN_POINT ( 'NONE',  ( -18.31168867401547828, -1.586186608576338086, 0.2125752412000367630 ) ) ;
#146 = ORIENTED_EDGE ( 'NONE', *, *, #1123, .T. ) ;
#147 = CARTESIAN_POINT ( 'NONE',  ( -24.16655752863643514, 0.4427155931770678787, 0.5425732713922023498 ) ) ;
#148 = EDGE_CURVE ( 'NONE', #558, #1180, #748, .T. ) ;
#149 = CARTESIAN_POINT ( 'NONE',  ( -18.00000000000000711, 0.003979682306040914844, -1.600013649028807272 ) ) ;
#150 = CARTESIAN_POINT ( 'NONE',  ( -19.42804555376093134, -0.5301953662604259598, -1.512855219086493008 ) ) ;
#151 = CARTESIAN_POINT ( 'NONE',  ( -25.00000000000000000, -0.1975526169066305071, -0.1532088886237955860 ) ) ;
#152 = MECHANICAL_DESIGN_GEOMETRIC_PRESENTATION_REPRESENTATION (  '', ( #508 ), #628 ) ;
#153 = CARTESIAN_POINT ( 'NONE',  ( -18.68008865524319617, -1.565872808081538503, 0.3342818334484314868 ) ) ;
#154 = ORIENTED_EDGE ( 'NONE', *, *, #623, .T. ) ;
#155 = EDGE_CURVE ( 'NONE', #798, #595, #1096, .T. ) ;
#156 = CARTESIAN_POINT ( 'NONE',  ( -25.00000000000000355, -0.1975526169066308402, -0.1532088886237959469 ) ) ;
#157 = SURFACE_STYLE_USAGE ( .BOTH. , #72 ) ;
#158 = CARTESIAN_POINT ( 'NONE',  ( -25.00000000000000000, 0.1325694245591177989, 0.1729554614583325711 ) ) ;
#159 = ORIENTED_EDGE ( 'NONE', *, *, #532, .F. ) ;
#160 =( LENGTH_UNIT ( ) NAMED_UNIT ( * ) SI_UNIT ( .MILLI., .METRE. ) );
#161 = CARTESIAN_POINT ( 'NONE',  ( -25.00000000000001066, -0.1376552841409537931, 0.08333131065401458426 ) ) ;
#162 = ORIENTED_EDGE ( 'NONE', *, *, #115, .T. ) ;
#163 = ADVANCED_FACE ( 'NONE', ( #664 ), #855, .F. ) ;
#164 = CARTESIAN_POINT ( 'NONE',  ( -25.00000000000001776, 2.827791774616963838E-05, -0.1203341383440529599 ) ) ;
#165 = ADVANCED_FACE ( 'NONE', ( #982 ), #1058, .T. ) ;
#166 = CARTESIAN_POINT ( 'NONE',  ( -18.00127328987145248, -0.02893092954388774493, -1.599932993976712181 ) ) ;
#167 = DIRECTION ( 'NONE',  ( 0.000000000000000000, 0.000000000000000000, 1.000000000000000000 ) ) ;
#168 = CARTESIAN_POINT ( 'NONE',  ( -18.00000000000001066, -1.600007250708658457, 0.003979260410513938903 ) ) ;
#169 = ORIENTED_EDGE ( 'NONE', *, *, #660, .F. ) ;
#170 = STYLED_ITEM ( 'NONE', ( #1152 ), #859 ) ;
#171 = B_SPLINE_CURVE_WITH_KNOTS ( 'NONE', 3,
 ( #887, #1061, #335, #250 ),
 .UNSPECIFIED., .F., .F.,
 ( 4, 4 ),
 ( 6.309438698706714281E-16, 0.002841997094636045280 ),
 .UNSPECIFIED. ) ;
#172 = AXIS2_PLACEMENT_3D ( 'NONE', #260, #1088, #634 ) ;
#173 = FACE_OUTER_BOUND ( 'NONE', #589, .T. ) ;
#174 = CARTESIAN_POINT ( 'NONE',  ( -18.00000000000000355, -1.987587720046635864, -0.6481222664860166738 ) ) ;
#175 = CARTESIAN_POINT ( 'NONE',  ( -22.61667049188538314, -0.1532088886237966130, 0.1975526169066303128 ) ) ;
#176 = CARTESIAN_POINT ( 'NONE',  ( -25.00000000000000000, -0.1975526169075330907, 0.1532088886263455463 ) ) ;
#177 = VERTEX_POINT ( 'NONE', #889 ) ;
#178 = CARTESIAN_POINT ( 'NONE',  ( -18.00000000000000355, -1.638356368063486279, -0.1493682072594299248 ) ) ;
#179 = CARTESIAN_POINT ( 'NONE',  ( -25.00000000000000000, -0.2634999506397268654, -0.3289923862951545930 ) ) ;
#180 = CARTESIAN_POINT ( 'NONE',  ( -18.00000000000000355, 1.610768229024620135, 0.09645675438422073034 ) ) ;
#181 = CYLINDRICAL_SURFACE ( 'NONE', #172, 1.599999999999999645 ) ;
#182 = ORIENTED_EDGE ( 'NONE', *, *, #919, .F. ) ;
#183 = CIRCLE ( 'NONE', #268, 0.3000000000000000444 ) ;
#184 = DIRECTION ( 'NONE',  ( 0.000000000000000000, 0.000000000000000000, 1.000000000000000000 ) ) ;
#185 = CARTESIAN_POINT ( 'NONE',  ( -24.99999999999997868, -0.8266044443118865104, -1.000074189634912125 ) ) ;
#186 = ORIENTED_EDGE ( 'NONE', *, *, #532, .T. ) ;
#187 = CARTESIAN_POINT ( 'NONE',  ( -21.04182840076623506, -1.387729834879338098, -0.8065201823800642877 ) ) ;
#188 = CARTESIAN_POINT ( 'NONE',  ( -22.61898643690786059, -0.2634999506397268654, -0.3289923862951545930 ) ) ;
#189 = B_SPLINE_CURVE_WITH_KNOTS ( 'NONE', 3,
 ( #434, #802, #161, #797, #96, #1100, #266 ),
 .UNSPECIFIED., .F., .F.,
 ( 4, 1, 1, 1, 4 ),
 ( 1.032354986296904675E-15, 8.681502110520207365E-05, 0.0001736300424039409300, 0.0002604450637026795696, 0.0003472600850014184531 ),
 .UNSPECIFIED. ) ;
#190 =( GEOMETRIC_REPRESENTATION_CONTEXT ( 3 ) GLOBAL_UNCERTAINTY_ASSIGNED_CONTEXT ( ( #451 ) ) GLOBAL_UNIT_ASSIGNED_CONTEXT ( ( #518, #394, #139 ) ) REPRESENTATION_CONTEXT ( 'NONE', 'WORKASPACE' ) );
#191 = FACE_OUTER_BOUND ( 'NONE', #770, .T. ) ;
#192 = ORIENTED_EDGE ( 'NONE', *, *, #660, .T. ) ;
#193 = CARTESIAN_POINT ( 'NONE',  ( -24.99999999999997868, -0.1203341383440529599, -2.827791774490920253E-05 ) ) ;
#194 = EDGE_CURVE ( 'NONE', #891, #833, #392, .T. ) ;
#195 = CARTESIAN_POINT ( 'NONE',  ( -22.61623709444486963, -0.1325694245591166054, -0.1729554614583334871 ) ) ;
#196 = CARTESIAN_POINT ( 'NONE',  ( -18.05978947073599628, 0.09788947776785579535, -1.597054023442518789 ) ) ;
#197 = ORIENTED_EDGE ( 'NONE', *, *, #829, .F. ) ;
#198 = CARTESIAN_POINT ( 'NONE',  ( -25.00000000000000000, 0.1532088886237976955, -0.1975526169066288695 ) ) ;
#199 = CARTESIAN_POINT ( 'NONE',  ( -18.20113377625996876, 1.590808908852754833, 0.1712513226655630327 ) ) ;
#200 = CARTESIAN_POINT ( 'NONE',  ( -21.77013692201633077, 1.336623436182099001, 0.8817643245483229864 ) ) ;
#201 = ORIENTED_EDGE ( 'NONE', *, *, #574, .T. ) ;
#202 =( LENGTH_UNIT ( ) NAMED_UNIT ( * ) SI_UNIT ( .MILLI., .METRE. ) );
#203 = STYLED_ITEM ( 'NONE', ( #375 ), #1029 ) ;
#204 = CIRCLE ( 'NONE', #255, 0.3000000000000000444 ) ;
#205 = CARTESIAN_POINT ( 'NONE',  ( -20.44248646817138848, -0.8842090356323050182, -0.1621009734583161443 ) ) ;
#206 = SURFACE_SIDE_STYLE ('',( #211 ) ) ;
#207 = CARTESIAN_POINT ( 'NONE',  ( -22.50000000000000355, 1.299506890268032677, -0.9334247919066144261 ) ) ;
#208 = ORIENTED_EDGE ( 'NONE', *, *, #354, .T. ) ;
#209 = CARTESIAN_POINT ( 'NONE',  ( -25.00000000000003197, 0.1325694245591177989, 0.1729554614583325711 ) ) ;
#210 = CARTESIAN_POINT ( 'NONE',  ( -22.61667049188537604, 0.1975526169066308402, 0.1532088886237959469 ) ) ;
#211 = SURFACE_STYLE_FILL_AREA ( #847 ) ;
#212 = DIRECTION ( 'NONE',  ( -1.000000000000000000, -0.000000000000000000, 0.000000000000000000 ) ) ;
#213 = B_SPLINE_CURVE_WITH_KNOTS ( 'NONE', 3,
 ( #961, #782, #600, #425, #150, #525, #237, #79, #788, #618, #1153, #605, #612, #534, #166, #701 ),
 .UNSPECIFIED., .F., .F.,
 ( 4, 2, 2, 2, 2, 2, 2, 4 ),
 ( 0.000000000000000000, 0.002330304468570357050, 0.003495456702855535142, 0.004078032819998124621, 0.004369320878569414590, 0.004514964907855059141, 0.004587786922497876646, 0.004660608937140694151 ),
 .UNSPECIFIED. ) ;
#214 = EDGE_CURVE ( 'NONE', #734, #635, #761, .T. ) ;
#215 = PRESENTATION_STYLE_ASSIGNMENT (( #127 ) ) ;
#216 = CIRCLE ( 'NONE', #361, 0.3000000000000000444 ) ;
#217 = UNCERTAINTY_MEASURE_WITH_UNIT (LENGTH_MEASURE( 1.000000000000000082E-05 ), #530, 'distance_accuracy_value', 'NONE');
#218 = CARTESIAN_POINT ( 'NONE',  ( -22.64328131213773787, 1.404896198031759802, -1.166290442250144110 ) ) ;
#219 = CARTESIAN_POINT ( 'NONE',  ( -25.00000000000000711, -2.827791774532934782E-05, 0.1203341383440529599 ) ) ;
#220 = CARTESIAN_POINT ( 'NONE',  ( -18.11654586707817316, 0.1362049638066892832, -1.594397636237735894 ) ) ;
#221 = CONICAL_SURFACE ( 'NONE', #1047, 1.599999999999999645, 0.4951332634684062484 ) ;
#222 = PLANE ( 'NONE',  #878 ) ;
#223 = CARTESIAN_POINT ( 'NONE',  ( -25.00000000000000000, 1.499999999999994005, 1.802595762363182530 ) ) ;
#224 = DIRECTION ( 'NONE',  ( -1.000000000000000000, -0.000000000000000000, -0.000000000000000000 ) ) ;
#225 = CARTESIAN_POINT ( 'NONE',  ( -22.61898643690786059, 0.3289923862951518729, -0.2634999506397303626 ) ) ;
#226 = DIRECTION ( 'NONE',  ( -0.000000000000000000, 0.000000000000000000, 1.000000000000000000 ) ) ;
#227 = CARTESIAN_POINT ( 'NONE',  ( -18.00000000000000355, -0.1493682072594356425, 1.638356368063485835 ) ) ;
#228 = EDGE_CURVE ( 'NONE', #356, #674, #298, .T. ) ;
#229 = APPLICATION_PROTOCOL_DEFINITION ( 'draft international standard', 'automotive_design', 1998, #1113 ) ;
#230 = CARTESIAN_POINT ( 'NONE',  ( -22.50000000000000355, 0.000000000000000000, 0.000000000000000000 ) ) ;
#231 = CARTESIAN_POINT ( 'NONE',  ( -25.00000000000005329, -0.08333131065401315485, -0.1376552841409546812 ) ) ;
#232 = CARTESIAN_POINT ( 'NONE',  ( -18.04707997986933421, 0.08827703666891660583, 1.597670027847938323 ) ) ;
#233 = CARTESIAN_POINT ( 'NONE',  ( -18.00000000000000355, -1.124171602066727615, 2.320921053379965571 ) ) ;
#234 = CARTESIAN_POINT ( 'NONE',  ( -22.61626783171166721, -0.1325694245591189369, 0.1729554614583316552 ) ) ;
#235 = ORIENTED_EDGE ( 'NONE', *, *, #665, .T. ) ;
#236 = CARTESIAN_POINT ( 'NONE',  ( -25.00000000000007105, 0.08332723712426894080, -0.1376540976562537211 ) ) ;
#237 = CARTESIAN_POINT ( 'NONE',  ( -18.68008865524320683, -0.3342818334484158327, -1.565872808081541168 ) ) ;
#238 = CARTESIAN_POINT ( 'NONE',  ( -22.63837225667800368, -1.051069629541269812, 1.267581380544325009 ) ) ;
#239 = CARTESIAN_POINT ( 'NONE',  ( -20.30949321845393385, 0.2784500335158087148, 1.034100491437963454 ) ) ;
#240 = ORIENTED_EDGE ( 'NONE', *, *, #714, .T. ) ;
#241 =( GEOMETRIC_REPRESENTATION_CONTEXT ( 3 ) GLOBAL_UNCERTAINTY_ASSIGNED_CONTEXT ( ( #113 ) ) GLOBAL_UNIT_ASSIGNED_CONTEXT ( ( #1173, #515, #707 ) ) REPRESENTATION_CONTEXT ( 'NONE', 'WORKASPACE' ) );
#242 = CARTESIAN_POINT ( 'NONE',  ( -18.00000000000000355, -2.654254386713303493, -1.600220937647422348 ) ) ;
#243 = CARTESIAN_POINT ( 'NONE',  ( -18.00000000000000355, 1.947573223427328105E-14, -1.899999999999999689 ) ) ;
#244 = CARTESIAN_POINT ( 'NONE',  ( -22.64724253009546118, 1.389708937984060144, 1.671155992974660220 ) ) ;
#245 = ORIENTED_EDGE ( 'NONE', *, *, #350, .F. ) ;
#246 = CARTESIAN_POINT ( 'NONE',  ( 0.000000000000000000, 0.000000000000000000, 1.599999999999999645 ) ) ;
#247 = CARTESIAN_POINT ( 'NONE',  ( -25.00000000000000355, -0.7325669987254798121, -0.6021392590825307423 ) ) ;
#248 = CARTESIAN_POINT ( 'NONE',  ( -24.16655752863639961, -0.5425732713927086115, 0.4427155931768292918 ) ) ;
#249 = VERTEX_POINT ( 'NONE', #626 ) ;
#250 = CARTESIAN_POINT ( 'NONE',  ( -22.50000000000000355, 1.299506890268032677, -0.9334247919066144261 ) ) ;
#251 = CARTESIAN_POINT ( 'NONE',  ( -18.40347186615441544, 0.2443673770161875203, 1.581521445907683177 ) ) ;
#252 = PRESENTATION_STYLE_ASSIGNMENT (( #74 ) ) ;
#253 = VERTEX_POINT ( 'NONE', #427 ) ;
#254 = STYLED_ITEM ( 'NONE', ( #744 ), #953 ) ;
#255 = AXIS2_PLACEMENT_3D ( 'NONE', #110, #536, #1031 ) ;
#256 = CARTESIAN_POINT ( 'NONE',  ( -18.00000000000000711, -0.003979260410505047578, -1.600007250708658679 ) ) ;
#257 = B_SPLINE_CURVE_WITH_KNOTS ( 'NONE', 3,
 ( #796, #321, #962, #151 ),
 .UNSPECIFIED., .F., .F.,
 ( 4, 4 ),
 ( 1.963693374342702986E-17, 0.002841482320363400080 ),
 .UNSPECIFIED. ) ;
#258 = CARTESIAN_POINT ( 'NONE',  ( -20.30833524594268980, 0.1626409097645644952, -0.9259035018099648351 ) ) ;
#259 = SURFACE_STYLE_FILL_AREA ( #662 ) ;
#260 = CARTESIAN_POINT ( 'NONE',  ( 0.000000000000000000, 0.000000000000000000, 0.000000000000000000 ) ) ;
#261 = ORIENTED_EDGE ( 'NONE', *, *, #148, .T. ) ;
#262 = EDGE_CURVE ( 'NONE', #635, #1050, #257, .T. ) ;
#263 = CARTESIAN_POINT ( 'NONE',  ( -18.54629215115728869, -1.576800761236857085, -0.3013775352812202435 ) ) ;
#264 = B_SPLINE_CURVE_WITH_KNOTS ( 'NONE', 3,
 ( #316, #395, #1030, #675, #1144, #140, #671, #755 ),
 .UNSPECIFIED., .F., .F.,
 ( 4, 2, 2, 4 ),
 ( 0.000000000000000000, 6.849175650560038338E-05, 0.0001369835130112007397, 0.0002739670260223929141 ),
 .UNSPECIFIED. ) ;
#265 = CARTESIAN_POINT ( 'NONE',  ( -22.61547469331778970, -0.08333131065401315485, -0.1376552841409546812 ) ) ;
#266 = CARTESIAN_POINT ( 'NONE',  ( -25.00000000000000000, -0.1975526169066305071, -0.1532088886237955860 ) ) ;
#267 = ORIENTED_EDGE ( 'NONE', *, *, #262, .F. ) ;
#268 = AXIS2_PLACEMENT_3D ( 'NONE', #587, #594, #673 ) ;
#269 = CARTESIAN_POINT ( 'NONE',  ( -19.96312733737969580, -1.470417600615935960, -0.6339868331432614301 ) ) ;
#270 = CARTESIAN_POINT ( 'NONE',  ( -22.63514781053091340, -0.8266044443118865104, -1.000074189634912125 ) ) ;
#271 = ORIENTED_EDGE ( 'NONE', *, *, #115, .F. ) ;
#272 = AXIS2_PLACEMENT_3D ( 'NONE', #902, #620, #445 ) ;
#273 = CARTESIAN_POINT ( 'NONE',  ( -20.30776307935086322, -0.8574487458443112997, 2.179178239185394945E-06 ) ) ;
#274 = SURFACE_STYLE_FILL_AREA ( #5 ) ;
#275 = CARTESIAN_POINT ( 'NONE',  ( -22.61546251136424956, 0.08332723712426894080, -0.1376540976562537211 ) ) ;
#276 = ADVANCED_FACE ( 'NONE', ( #53 ), #685, .F. ) ;
#277 = CYLINDRICAL_SURFACE ( 'NONE', #886, 1.599999999999999645 ) ;
#278 = ORIENTED_EDGE ( 'NONE', *, *, #126, .T. ) ;
#279 = CARTESIAN_POINT ( 'NONE',  ( -25.00000000000003197, -1.404896198031760024, 1.166290442250144110 ) ) ;
#280 = CARTESIAN_POINT ( 'NONE',  ( -22.61546251136424956, 0.1376540976562545815, 0.08332723712426749751 ) ) ;
#281 = CARTESIAN_POINT ( 'NONE',  ( -18.00000000000000355, 0.09645675438423760573, -1.610768229024619025 ) ) ;
#282 =( NAMED_UNIT ( * ) PLANE_ANGLE_UNIT ( ) SI_UNIT ( $, .RADIAN. ) );
#283 = VERTEX_POINT ( 'NONE', #741 ) ;
#284 = UNCERTAINTY_MEASURE_WITH_UNIT (LENGTH_MEASURE( 1.000000000000000082E-05 ), #488, 'distance_accuracy_value', 'NONE');
#285 =( NAMED_UNIT ( * ) SI_UNIT ( $, .STERADIAN. ) SOLID_ANGLE_UNIT ( ) );
#286 =( NAMED_UNIT ( * ) PLANE_ANGLE_UNIT ( ) SI_UNIT ( $, .RADIAN. ) );
#287 = CARTESIAN_POINT ( 'NONE',  ( -18.00000000000001066, 1.600007250707868200, -0.003979260410521391275 ) ) ;
#288 = CARTESIAN_POINT ( 'NONE',  ( -18.00000000000000355, -6.208103146669373512E-15, 1.899999999999999689 ) ) ;
#289 = CARTESIAN_POINT ( 'NONE',  ( -18.00000000000000355, 1.600220937647413688, 2.654254386713307490 ) ) ;
#290 = CARTESIAN_POINT ( 'NONE',  ( -25.00000000000000000, 0.1532088886259522775, 0.1975526169076549377 ) ) ;
#291 = CARTESIAN_POINT ( 'NONE',  ( -25.00000000000001066, 0.1376552841409537931, -0.08333131065401458426 ) ) ;
#292 =( NAMED_UNIT ( * ) PLANE_ANGLE_UNIT ( ) SI_UNIT ( $, .RADIAN. ) );
#293 = PRESENTATION_STYLE_ASSIGNMENT (( #838 ) ) ;
#294 = ORIENTED_EDGE ( 'NONE', *, *, #477, .F. ) ;
#295 = CARTESIAN_POINT ( 'NONE',  ( -25.00000000000000000, -0.1532088886237962799, 0.1975526169066299242 ) ) ;
#296 = CARTESIAN_POINT ( 'NONE',  ( -18.05978947073599272, 1.597054023442520343, 0.09788947776784037713 ) ) ;
#297 = CARTESIAN_POINT ( 'NONE',  ( -17.99999999999999645, 2.401891666322571783, -1.239809621545383100 ) ) ;
#298 = CIRCLE ( 'NONE', #1071, 0.2499999999999935052 ) ;
#299 = CARTESIAN_POINT ( 'NONE',  ( -18.04707997987042845, 1.597670027847884144, -0.08827703666985647901 ) ) ;
#300 = ORIENTED_EDGE ( 'NONE', *, *, #77, .T. ) ;
#301 = CARTESIAN_POINT ( 'NONE',  ( -25.00000000000004263, 0.08333131065401411242, 0.1376552841409540984 ) ) ;
#302 = CARTESIAN_POINT ( 'NONE',  ( -18.00000000000001066, -0.003979682306038987566, 1.600013649028807272 ) ) ;
#303 = CARTESIAN_POINT ( 'NONE',  ( -20.31376068714084937, 1.360077359386058005, 0.6251307627842737080 ) ) ;
#304 = CARTESIAN_POINT ( 'NONE',  ( -25.00000000000000000, 0.000000000000000000, 0.000000000000000000 ) ) ;
#305 = CARTESIAN_POINT ( 'NONE',  ( -17.99999999999999289, 0.5324842470073473111, 1.906617107104036535 ) ) ;
#306 = VERTEX_POINT ( 'NONE', #346 ) ;
#307 = DIRECTION ( 'NONE',  ( 0.000000000000000000, 0.000000000000000000, 1.000000000000000000 ) ) ;
#308 = CARTESIAN_POINT ( 'NONE',  ( -20.32461156953715786, 2.228425074538240569, 1.550110468823711063 ) ) ;
#309 = PRESENTATION_LAYER_ASSIGNMENT (  '', '', ( #170 ) ) ;
#310 = CIRCLE ( 'NONE', #627, 0.2499999999999935052 ) ;
#311 = STYLED_ITEM ( 'NONE', ( #33 ), #456 ) ;
#312 = CARTESIAN_POINT ( 'NONE',  ( -18.01428555551490618, 1.599284207693278503, -0.05130668679181442371 ) ) ;
#313 = ADVANCED_FACE ( 'NONE', ( #720 ), #141, .F. ) ;
#314 = CARTESIAN_POINT ( 'NONE',  ( -22.61546251136424956, -0.08332723712426796936, 0.1376540976562542762 ) ) ;
#315 = ORIENTED_EDGE ( 'NONE', *, *, #584, .T. ) ;
#316 = CARTESIAN_POINT ( 'NONE',  ( -18.00000000000000711, -1.600013649028807272, -0.003979682306033939521 ) ) ;
#317 = CARTESIAN_POINT ( 'NONE',  ( -18.89744533108678226, -0.3994990505920609225, 1.551793346327738465 ) ) ;
#318 = CARTESIAN_POINT ( 'NONE',  ( -18.00000000000002132, 2.154254386713300828, -0.8861469342763695911 ) ) ;
#319 = ADVANCED_FACE ( 'NONE', ( #24 ), #540, .F. ) ;
#320 = CARTESIAN_POINT ( 'NONE',  ( -18.31168867401548894, 0.2125752412000355973, 1.586186608576339863 ) ) ;
#321 = CARTESIAN_POINT ( 'NONE',  ( -23.33324100230445808, -0.9208350186104770074, -0.6893367894327717682 ) ) ;
#322 = CARTESIAN_POINT ( 'NONE',  ( -18.00000000000000355, -0.1720729309053194156, 1.654254386713301717 ) ) ;
#323 = CARTESIAN_POINT ( 'NONE',  ( -25.00000000000000000, -0.1532088886265116634, -0.1975526169074847127 ) ) ;
#324 = AXIS2_PLACEMENT_3D ( 'NONE', #288, #212, #1122 ) ;
#325 = CARTESIAN_POINT ( 'NONE',  ( -19.80737925899956764, 0.6059249914193721720, 1.482502830002844219 ) ) ;
#326 = CARTESIAN_POINT ( 'NONE',  ( -25.00000000000000355, -1.051069629541269812, 1.267581380544325009 ) ) ;
#327 = CARTESIAN_POINT ( 'NONE',  ( -20.32164065606886894, 1.203050031897756833, 1.903393932177170011 ) ) ;
#328 = VERTEX_POINT ( 'NONE', #729 ) ;
#329 =( NAMED_UNIT ( * ) SI_UNIT ( $, .STERADIAN. ) SOLID_ANGLE_UNIT ( ) );
#330 =( NAMED_UNIT ( * ) SI_UNIT ( $, .STERADIAN. ) SOLID_ANGLE_UNIT ( ) );
#331 = CARTESIAN_POINT ( 'NONE',  ( -20.31757390526546914, 0.8563756892941277732, 1.577164288174105256 ) ) ;
#332 = VERTEX_POINT ( 'NONE', #934 ) ;
#333 = LINE ( 'NONE', #246, #848 ) ;
#334 = AXIS2_PLACEMENT_3D ( 'NONE', #230, #598, #852 ) ;
#335 = CARTESIAN_POINT ( 'NONE',  ( -23.33326321676722159, 0.9207826881175038558, -0.6893936593975966698 ) ) ;
#336 = CARTESIAN_POINT ( 'NONE',  ( -20.31918612833900184, -1.794251216962149176, -1.087620615803992496 ) ) ;
#337 = CARTESIAN_POINT ( 'NONE',  ( -25.00000000000000000, 0.1975526169066308402, 0.1532088886237959746 ) ) ;
#338 = ORIENTED_EDGE ( 'NONE', *, *, #706, .T. ) ;
#339 = STYLED_ITEM ( 'NONE', ( #908 ), #276 ) ;
#340 = CARTESIAN_POINT ( 'NONE',  ( -21.77013692201633077, -0.8817643245483282044, 1.336623436182096558 ) ) ;
#341 = CARTESIAN_POINT ( 'NONE',  ( -19.42804555376092424, 0.5301953662604351747, 1.512855219086490122 ) ) ;
#342 = CARTESIAN_POINT ( 'NONE',  ( -25.00000000000000000, 0.000000000000000000, 0.000000000000000000 ) ) ;
#343 = FILL_AREA_STYLE ('',( #983 ) ) ;
#344 = ORIENTED_EDGE ( 'NONE', *, *, #25, .T. ) ;
#345 = CARTESIAN_POINT ( 'NONE',  ( -20.30833524594268980, -0.9259035018099666114, -0.1626409097645547808 ) ) ;
#346 = CARTESIAN_POINT ( 'NONE',  ( -22.50000000000007461, 0.9335783622289701711, -1.299396568249245876 ) ) ;
#347 = FACE_OUTER_BOUND ( 'NONE', #1069, .T. ) ;
#348 = CARTESIAN_POINT ( 'NONE',  ( -22.50000000000000355, 1.299506890268032677, -0.9334247919066144261 ) ) ;
#349 = VERTEX_POINT ( 'NONE', #482 ) ;
#350 = EDGE_CURVE ( 'NONE', #1050, #844, #904, .T. ) ;
#351 = CARTESIAN_POINT ( 'NONE',  ( -20.44248646817139559, 0.1621009734583253314, -0.8842090356323019096 ) ) ;
#352 = STYLED_ITEM ( 'NONE', ( #215 ), #1145 ) ;
#353 = CARTESIAN_POINT ( 'NONE',  ( -20.32164065606886894, -1.203050031897743510, -1.903393932177178449 ) ) ;
#354 = EDGE_CURVE ( 'NONE', #731, #360, #638, .T. ) ;
#355 = CARTESIAN_POINT ( 'NONE',  ( -18.04196824740301963, 1.597919455001992839, 0.08345559650867014068 ) ) ;
#356 = VERTEX_POINT ( 'NONE', #35 ) ;
#357 = AXIS2_PLACEMENT_3D ( 'NONE', #969, #875, #167 ) ;
#358 = FACE_OUTER_BOUND ( 'NONE', #125, .T. ) ;
#359 = CARTESIAN_POINT ( 'NONE',  ( -25.00000000000000000, -0.1532088886237962799, 0.1975526169066299242 ) ) ;
#360 = VERTEX_POINT ( 'NONE', #199 ) ;
#361 = AXIS2_PLACEMENT_3D ( 'NONE', #367, #738, #1107 ) ;
#362 = B_SPLINE_CURVE_WITH_KNOTS ( 'NONE', 3,
 ( #45, #147, #772, #590 ),
 .UNSPECIFIED., .F., .F.,
 ( 4, 4 ),
 ( 6.902747418280843781E-16, 0.002841997094636113802 ),
 .UNSPECIFIED. ) ;
#363 = CARTESIAN_POINT ( 'NONE',  ( -22.61898643690786059, -0.3289923862951518729, 0.2634999506397303626 ) ) ;
#364 = EDGE_CURVE ( 'NONE', #332, #891, #1127, .T. ) ;
#365 = SURFACE_SIDE_STYLE ('',( #274 ) ) ;
#366 = CARTESIAN_POINT ( 'NONE',  ( -25.00000000000000000, 0.1975526169066308402, 0.1532088886237959746 ) ) ;
#367 = CARTESIAN_POINT ( 'NONE',  ( -18.00000000000000355, 1.899999999999999689, -4.257113971325781865E-16 ) ) ;
#368 = VECTOR ( 'NONE', #1174, 1000.000000000000000 ) ;
#369 = COLOUR_RGB ( '',1.000000000000000000, 1.000000000000000000, 1.000000000000000000 ) ;
#370 = CARTESIAN_POINT ( 'NONE',  ( -24.99999999999997868, -1.000074189634903465, 0.8266044443118970575 ) ) ;
#371 = CARTESIAN_POINT ( 'NONE',  ( -18.00000000000000000, -1.478893752160816533, -2.569300176845846106 ) ) ;
#372 = CARTESIAN_POINT ( 'NONE',  ( -23.33324100230445808, 0.9208350186104762303, 0.6893367894327776524 ) ) ;
#373 = ORIENTED_EDGE ( 'NONE', *, *, #492, .F. ) ;
#374 = CARTESIAN_POINT ( 'NONE',  ( -18.00000000000000355, -1.654254386713302161, -0.1720729309053135869 ) ) ;
#375 = PRESENTATION_STYLE_ASSIGNMENT (( #906 ) ) ;
#376 = CARTESIAN_POINT ( 'NONE',  ( -18.00000000000000355, 1.654254386713302383, 0.1720729309053136424 ) ) ;
#377 = CARTESIAN_POINT ( 'NONE',  ( -18.04196824740302674, 0.08345559650868196455, -1.597919455001992617 ) ) ;
#378 = CARTESIAN_POINT ( 'NONE',  ( -18.31168867401675726, 1.586186608576280355, -0.2125752412004902059 ) ) ;
#379 = DIRECTION ( 'NONE',  ( 0.000000000000000000, 0.000000000000000000, 1.000000000000000000 ) ) ;
#380 = CIRCLE ( 'NONE', #29, 0.2499999999999935052 ) ;
#381 = CARTESIAN_POINT ( 'NONE',  ( -25.00000000000000355, 0.1532088886237980008, -0.1975526169066292581 ) ) ;
#382 = CARTESIAN_POINT ( 'NONE',  ( -20.30833524594268980, 0.9259035018099666114, 0.1626409097645547808 ) ) ;
#383 = CARTESIAN_POINT ( 'NONE',  ( -20.32461156953715786, 2.228425074538239681, -1.550110468823711729 ) ) ;
#384 = DIRECTION ( 'NONE',  ( -1.000000000000000000, 0.000000000000000000, 0.000000000000000000 ) ) ;
#385 = EDGE_CURVE ( 'NONE', #903, #177, #722, .T. ) ;
#386 = MECHANICAL_DESIGN_GEOMETRIC_PRESENTATION_REPRESENTATION (  '', ( #943 ), #468 ) ;
#387 = CARTESIAN_POINT ( 'NONE',  ( -22.68589262728662348, -0.1532088886237966130, 0.1975526169066303128 ) ) ;
#388 = DIRECTION ( 'NONE',  ( -1.000000000000000000, -0.000000000000000000, -0.000000000000000000 ) ) ;
#389 = CARTESIAN_POINT ( 'NONE',  ( -20.32362126504773059, 2.120228084910243282, -1.434301345072454659 ) ) ;
#390 = CARTESIAN_POINT ( 'NONE',  ( -19.42804555376185149, 1.512855219086414849, -0.5301953662606366802 ) ) ;
#391 = CARTESIAN_POINT ( 'NONE',  ( -25.00000000000000355, 1.267581380544328784, 1.051069629541265371 ) ) ;
#392 = CIRCLE ( 'NONE', #613, 0.3000000000000000444 ) ;
#393 = CARTESIAN_POINT ( 'NONE',  ( -20.30813391585583361, -0.1409688159092773174, 0.9056559147609085647 ) ) ;
#394 =( NAMED_UNIT ( * ) PLANE_ANGLE_UNIT ( ) SI_UNIT ( $, .RADIAN. ) );
#395 = CARTESIAN_POINT ( 'NONE',  ( -18.00118450608866638, -1.599937307057251568, -0.02719334618759659816 ) ) ;
#396 = EDGE_CURVE ( 'NONE', #647, #1060, #771, .T. ) ;
#397 = FILL_AREA_STYLE_COLOUR ( '', #1046 ) ;
#398 =( LENGTH_UNIT ( ) NAMED_UNIT ( * ) SI_UNIT ( .MILLI., .METRE. ) );
#399 = CARTESIAN_POINT ( 'NONE',  ( -18.68008865524436146, 1.565872808081462786, -0.3342818334487746568 ) ) ;
#400 = CARTESIAN_POINT ( 'NONE',  ( -25.00000000000000000, 1.389708937984059922, 1.671155992974660442 ) ) ;
#401 = VERTEX_POINT ( 'NONE', #176 ) ;
#402 = EDGE_CURVE ( 'NONE', #328, #891, #204, .T. ) ;
#403 = CARTESIAN_POINT ( 'NONE',  ( -25.00000000000000000, 0.1975526169066308402, 0.1532088886237959746 ) ) ;
#404 = B_SPLINE_CURVE_WITH_KNOTS ( 'NONE', 3,
 ( #497, #1033, #753, #678, #36, #768, #763, #688 ),
 .UNSPECIFIED., .F., .F.,
 ( 4, 2, 2, 4 ),
 ( 1.064079670922623044E-17, 0.001094154664868842884, 0.002188309329737675359, 0.004376618659475339443 ),
 .UNSPECIFIED. ) ;
#405 = DIRECTION ( 'NONE',  ( 0.000000000000000000, 1.000000000000000000, 1.011922027653137261E-14 ) ) ;
#406 = CARTESIAN_POINT ( 'NONE',  ( -22.62659930200684499, 0.5952521812380489052, -0.4869184463736533353 ) ) ;
#407 = MECHANICAL_DESIGN_GEOMETRIC_PRESENTATION_REPRESENTATION (  '', ( #254 ), #888 ) ;
#408 = PRESENTATION_LAYER_ASSIGNMENT (  '', '', ( #508 ) ) ;
#409 = PRODUCT_DEFINITION_SHAPE ( 'NONE', 'NONE',  #1039 ) ;
#410 = CARTESIAN_POINT ( 'NONE',  ( -25.00000000000000355, -1.500000000000006439, 1.802595762363172538 ) ) ;
#411 = CARTESIAN_POINT ( 'NONE',  ( -22.61623709444486963, 0.1325694245591177989, 0.1729554614583325711 ) ) ;
#412 = DIRECTION ( 'NONE',  ( 0.000000000000000000, 0.000000000000000000, 1.000000000000000000 ) ) ;
#413 = CARTESIAN_POINT ( 'NONE',  ( -25.00000000000003197, -0.1325694245591189369, 0.1729554614583316552 ) ) ;
#414 = CARTESIAN_POINT ( 'NONE',  ( -24.16650224770388888, 0.4427347953234244127, -0.5425961563649992492 ) ) ;
#415 = CARTESIAN_POINT ( 'NONE',  ( -22.62752137428169164, -0.7325669987254798121, -0.6021392590825307423 ) ) ;
#416 = CARTESIAN_POINT ( 'NONE',  ( -25.00000000000002132, 0.4869184463736512813, 0.5952521812380505706 ) ) ;
#417 = EDGE_LOOP ( 'NONE', ( #851, #808, #57, #38, #105, #169, #916, #43 ) ) ;
#418 = CARTESIAN_POINT ( 'NONE',  ( -18.00000000000000000, -2.569300176845830563, 1.478893752160843400 ) ) ;
#419 = STYLED_ITEM ( 'NONE', ( #293 ), #163 ) ;
#420 = B_SPLINE_CURVE_WITH_KNOTS ( 'NONE', 3,
 ( #893, #776, #1172, #325, #341, #715, #968, #251, #320, #624, #989, #1057, #232, #60, #1062, #603 ),
 .UNSPECIFIED., .F., .F.,
 ( 4, 2, 2, 2, 2, 2, 2, 4 ),
 ( 0.000000000000000000, 0.002330304468570309345, 0.003495456702855463584, 0.004078032819998046558, 0.004369320878569337395, 0.004514964907854988017, 0.004587786922497817665, 0.004660608937140647313 ),
 .UNSPECIFIED. ) ;
#421 = CARTESIAN_POINT ( 'NONE',  ( -22.63837225667800368, -1.267581380544328784, -1.051069629541265371 ) ) ;
#422 = CARTESIAN_POINT ( 'NONE',  ( -18.00000000000000355, -1.600220937647431674, 2.654254386713297720 ) ) ;
#423 = CARTESIAN_POINT ( 'NONE',  ( -25.00000000000000000, -0.1325694245591189369, 0.1729554614583316552 ) ) ;
#424 = ORIENTED_EDGE ( 'NONE', *, *, #155, .F. ) ;
#425 = CARTESIAN_POINT ( 'NONE',  ( -19.80737925899958540, -0.6059249914193650666, -1.482502830002845773 ) ) ;
#426 =( GEOMETRIC_REPRESENTATION_CONTEXT ( 3 ) GLOBAL_UNCERTAINTY_ASSIGNED_CONTEXT ( ( #1008 ) ) GLOBAL_UNIT_ASSIGNED_CONTEXT ( ( #920, #282, #799 ) ) REPRESENTATION_CONTEXT ( 'NONE', 'WORKASPACE' ) );
#427 = CARTESIAN_POINT ( 'NONE',  ( -25.00000000000000000, -0.1532088886265116634, -0.1975526169074847127 ) ) ;
#428 = MECHANICAL_DESIGN_GEOMETRIC_PRESENTATION_REPRESENTATION (  '', ( #467 ), #1104 ) ;
#429 = CARTESIAN_POINT ( 'NONE',  ( -24.16650224770387467, -0.4427347953234246902, 0.5425961563650072428 ) ) ;
#430 = VERTEX_POINT ( 'NONE', #470 ) ;
#431 = B_SPLINE_CURVE_WITH_KNOTS ( 'NONE', 3,
 ( #710, #1164, #414, #700 ),
 .UNSPECIFIED., .F., .F.,
 ( 4, 4 ),
 ( 9.093405993309588240E-17, 0.002841482320363426534 ),
 .UNSPECIFIED. ) ;
#432 = CARTESIAN_POINT ( 'NONE',  ( -22.50000000000000355, 0.000000000000000000, 0.000000000000000000 ) ) ;
#433 = CARTESIAN_POINT ( 'NONE',  ( -20.30833524594268980, -0.1626409097645580004, 0.9259035018099660563 ) ) ;
#434 = CARTESIAN_POINT ( 'NONE',  ( -25.00000000000000000, -0.1975526169075330907, 0.1532088886263455463 ) ) ;
#435 = ORIENTED_EDGE ( 'NONE', *, *, #126, .F. ) ;
#436 = ADVANCED_FACE ( 'NONE', ( #347 ), #1027, .T. ) ;
#437 = CARTESIAN_POINT ( 'NONE',  ( -25.00000000000000000, -1.389708937984048154, -1.671155992974670212 ) ) ;
#438 = CARTESIAN_POINT ( 'NONE',  ( -22.50000000000000355, 0.000000000000000000, 0.000000000000000000 ) ) ;
#439 = CARTESIAN_POINT ( 'NONE',  ( -23.33324100230445453, -0.6893367894327635526, 0.9208350186104732327 ) ) ;
#440 = ORIENTED_EDGE ( 'NONE', *, *, #30, .T. ) ;
#441 = CARTESIAN_POINT ( 'NONE',  ( -17.99999999999999645, -1.610783581147982257, 0.09646196535579587561 ) ) ;
#442 = ADVANCED_FACE ( 'NONE', ( #723 ), #559, .T. ) ;
#443 = CARTESIAN_POINT ( 'NONE',  ( -20.32362126504773059, -1.434301345072432454, -2.120228084910258382 ) ) ;
#444 = CARTESIAN_POINT ( 'NONE',  ( -20.30813391585583361, 0.9056559147609090088, 0.1409688159092741533 ) ) ;
#445 = DIRECTION ( 'NONE',  ( 0.000000000000000000, 0.000000000000000000, -1.000000000000000000 ) ) ;
#446 = ORIENTED_EDGE ( 'NONE', *, *, #1170, .T. ) ;
#447 = PRESENTATION_LAYER_ASSIGNMENT (  '', '', ( #511 ) ) ;
#448 = LINE ( 'NONE', #917, #987 ) ;
#449 = AXIS2_PLACEMENT_3D ( 'NONE', #765, #667, #506 ) ;
#450 = CARTESIAN_POINT ( 'NONE',  ( -20.32461156953715786, -1.550110468823688414, -2.228425074538255668 ) ) ;
#451 = UNCERTAINTY_MEASURE_WITH_UNIT (LENGTH_MEASURE( 1.000000000000000082E-05 ), #518, 'distance_accuracy_value', 'NONE');
#452 = CARTESIAN_POINT ( 'NONE',  ( -25.00000000000001066, 0.1376552841409537931, -0.08333131065401458426 ) ) ;
#453 = ORIENTED_EDGE ( 'NONE', *, *, #1009, .F. ) ;
#454 = B_SPLINE_CURVE_WITH_KNOTS ( 'NONE', 3,
 ( #730, #439, #429, #359 ),
 .UNSPECIFIED., .F., .F.,
 ( 4, 4 ),
 ( 2.366046131493648963E-17, 0.002841482320363395743 ),
 .UNSPECIFIED. ) ;
#455 = CARTESIAN_POINT ( 'NONE',  ( -25.00000000000000000, -1.671155992974655780, 1.389708937984065695 ) ) ;
#456 = ADVANCED_FACE ( 'NONE', ( #1118 ), #500, .F. ) ;
#457 = CARTESIAN_POINT ( 'NONE',  ( -18.00000000000001421, -3.263627420657782408E-05, -1.594563353344569556 ) ) ;
#458 = CARTESIAN_POINT ( 'NONE',  ( -25.00000000000000000, -0.1532088886265116634, -0.1975526169074847127 ) ) ;
#459 = ORIENTED_EDGE ( 'NONE', *, *, #665, .F. ) ;
#460 = CARTESIAN_POINT ( 'NONE',  ( -25.00000000000000000, -0.1729554614583320993, -0.1325694245591183262 ) ) ;
#461 =( NAMED_UNIT ( * ) PLANE_ANGLE_UNIT ( ) SI_UNIT ( $, .RADIAN. ) );
#462 = CARTESIAN_POINT ( 'NONE',  ( -25.00000000000000000, 0.1975526169066308402, 0.1532088886237959746 ) ) ;
#463 = EDGE_LOOP ( 'NONE', ( #1004, #513, #760 ) ) ;
#464 = FILL_AREA_STYLE_COLOUR ( '', #369 ) ;
#465 = CIRCLE ( 'NONE', #1103, 1.599999999999999645 ) ;
#466 = COLOUR_RGB ( '',1.000000000000000000, 1.000000000000000000, 1.000000000000000000 ) ;
#467 = STYLED_ITEM ( 'NONE', ( #252 ), #496 ) ;
#468 =( GEOMETRIC_REPRESENTATION_CONTEXT ( 3 ) GLOBAL_UNCERTAINTY_ASSIGNED_CONTEXT ( ( #284 ) ) GLOBAL_UNIT_ASSIGNED_CONTEXT ( ( #488, #292, #123 ) ) REPRESENTATION_CONTEXT ( 'NONE', 'WORKASPACE' ) );
#469 = CARTESIAN_POINT ( 'NONE',  ( -18.20113377625996876, 0.1712513226655797138, -1.590808908852753056 ) ) ;
#470 = CARTESIAN_POINT ( 'NONE',  ( -22.50000000000003908, -1.299506890268030457, 0.9334247919066175347 ) ) ;
#471 = CARTESIAN_POINT ( 'NONE',  ( -22.62752137428169164, 0.7325669987254798121, 0.6021392590825307423 ) ) ;
#472 = SURFACE_SIDE_STYLE ('',( #951 ) ) ;
#473 = EDGE_LOOP ( 'NONE', ( #435, #544, #921, #338, #300, #803, #261, #440, #344, #208, #537, #159, #680, #1020, #162, #1130 ) ) ;
#474 =( LENGTH_UNIT ( ) NAMED_UNIT ( * ) SI_UNIT ( .MILLI., .METRE. ) );
#475 = CARTESIAN_POINT ( 'NONE',  ( -25.00000000000000000, -0.1975526169066305071, -0.1532088886237955860 ) ) ;
#476 = CARTESIAN_POINT ( 'NONE',  ( -22.64922313907430862, 1.802595762363177645, 1.500000000000000222 ) ) ;
#477 = EDGE_CURVE ( 'NONE', #253, #1050, #18, .T. ) ;
#478 = SURFACE_SIDE_STYLE ('',( #932 ) ) ;
#479 = SURFACE_SIDE_STYLE ('',( #119 ) ) ;
#480 = ORIENTED_EDGE ( 'NONE', *, *, #1123, .F. ) ;
#481 = CARTESIAN_POINT ( 'NONE',  ( -18.20113377625996876, 1.590808908852754833, 0.1712513226655630327 ) ) ;
#482 = CARTESIAN_POINT ( 'NONE',  ( -25.00000000000000000, -0.1532088886237962799, 0.1975526169066299242 ) ) ;
#483 = SURFACE_STYLE_USAGE ( .BOTH. , #1032 ) ;
#484 = DIRECTION ( 'NONE',  ( 0.000000000000000000, 0.000000000000000000, 1.000000000000000000 ) ) ;
#485 = ORIENTED_EDGE ( 'NONE', *, *, #477, .T. ) ;
#486 = PRODUCT_RELATED_PRODUCT_CATEGORY ( 'part', '', ( #596 ) ) ;
#487 = CARTESIAN_POINT ( 'NONE',  ( -22.63837225667800368, 1.051069629541278694, -1.267581380544317682 ) ) ;
#488 =( LENGTH_UNIT ( ) NAMED_UNIT ( * ) SI_UNIT ( .MILLI., .METRE. ) );
#489 = B_SPLINE_CURVE_WITH_KNOTS ( 'NONE', 3,
 ( #46, #372, #552, #462 ),
 .UNSPECIFIED., .F., .F.,
 ( 4, 4 ),
 ( 3.168245786005511055E-17, 0.002841482320363394008 ),
 .UNSPECIFIED. ) ;
#490 = CARTESIAN_POINT ( 'NONE',  ( -17.99999999999999645, 0.09646196535579025511, 1.610783581147982702 ) ) ;
#491 = ORIENTED_EDGE ( 'NONE', *, *, #1136, .F. ) ;
#492 = EDGE_CURVE ( 'NONE', #430, #647, #938, .T. ) ;
#493 =( LENGTH_UNIT ( ) NAMED_UNIT ( * ) SI_UNIT ( .MILLI., .METRE. ) );
#494 = CARTESIAN_POINT ( 'NONE',  ( -18.54629215115728869, 1.576800761236858195, 0.3013775352812194108 ) ) ;
#495 = CARTESIAN_POINT ( 'NONE',  ( -22.64724253009546118, 1.671155992974655558, -1.389708937984065917 ) ) ;
#496 = ADVANCED_FACE ( 'NONE', ( #896 ), #181, .T. ) ;
#497 = CARTESIAN_POINT ( 'NONE',  ( -18.20113377625996876, 0.1712513226655797138, -1.590808908852753056 ) ) ;
#498 = CARTESIAN_POINT ( 'NONE',  ( -20.95448961039824454, -1.394046665503960725, 0.7977924787620580549 ) ) ;
#499 = ORIENTED_EDGE ( 'NONE', *, *, #402, .T. ) ;
#500 = B_SPLINE_SURFACE_WITH_KNOTS ( 'NONE', 3, 3, ( 
 ( #289, #1162, #790, #223 ),
 ( #504, #708, #244, #400 ),
 ( #695, #327, #871, #679 ),
 ( #607, #331, #689, #703 ),
 ( #305, #1068, #971, #416 ),
 ( #614, #239, #588, #132 ),
 ( #56, #516, #411, #158 ),
 ( #490, #1064, #957, #784 ),
 ( #850, #1150, #876, #68 ),
 ( #778, #1156, #314, #42 ),
 ( #227, #393, #234, #423 ),
 ( #322, #764, #1055, #1049 ) ),
 .UNSPECIFIED., .F., .F., .F.,
 ( 4, 1, 1, 1, 2, 1, 1, 1, 4 ),
 ( 4, 4 ),
 ( 0.000000000000000000, 0.2105908094475574255, 0.4211816188951148510, 0.6317724283426724430, 0.8423632377902300350, 0.8817724283426725540, 0.9211816188951150730, 0.9605908094475574810, 1.000000000000000000 ),
 ( 0.000000000000000000, 1.000000000000000000 ),
 .UNSPECIFIED. ) ;
#501 = CARTESIAN_POINT ( 'NONE',  ( -18.00000000000000711, 0.0004583305888280852602, 1.599983918515815562 ) ) ;
#502 = CARTESIAN_POINT ( 'NONE',  ( -25.00000000000003197, 1.404896198031760024, -1.166290442250144110 ) ) ;
#503 = DIRECTION ( 'NONE',  ( 0.000000000000000000, 0.000000000000000000, -1.000000000000000000 ) ) ;
#504 = CARTESIAN_POINT ( 'NONE',  ( -18.00000000000000000, 1.478893752160834518, 2.569300176845835892 ) ) ;
#505 = EDGE_LOOP ( 'NONE', ( #1112, #154, #446, #1157 ) ) ;
#506 = DIRECTION ( 'NONE',  ( 0.000000000000000000, 0.000000000000000000, -1.000000000000000000 ) ) ;
#507 = CARTESIAN_POINT ( 'NONE',  ( -25.00000000000000000, -1.802595762363177201, 1.500000000000000222 ) ) ;
#508 = STYLED_ITEM ( 'NONE', ( #1124 ), #442 ) ;
#509 = FACE_OUTER_BOUND ( 'NONE', #949, .T. ) ;
#510 = CARTESIAN_POINT ( 'NONE',  ( -22.62752137428169164, -0.6021392590825332958, 0.7325669987254778137 ) ) ;
#511 = STYLED_ITEM ( 'NONE', ( #527 ), #165 ) ;
#512 = CARTESIAN_POINT ( 'NONE',  ( -18.17479553524643165, -1.591925565322644731, 0.1614529097654257561 ) ) ;
#513 = ORIENTED_EDGE ( 'NONE', *, *, #899, .F. ) ;
#514 = CARTESIAN_POINT ( 'NONE',  ( -18.00000000000000355, -2.320921053379969567, -1.124171602066719622 ) ) ;
#515 =( NAMED_UNIT ( * ) PLANE_ANGLE_UNIT ( ) SI_UNIT ( $, .RADIAN. ) );
#516 = CARTESIAN_POINT ( 'NONE',  ( -20.30811854722243837, 0.1409688159092714610, 0.9056559147609098970 ) ) ;
#517 = ORIENTED_EDGE ( 'NONE', *, *, #950, .T. ) ;
#518 =( LENGTH_UNIT ( ) NAMED_UNIT ( * ) SI_UNIT ( .MILLI., .METRE. ) );
#519 = CARTESIAN_POINT ( 'NONE',  ( -22.50000000000000355, 0.000000000000000000, 0.000000000000000000 ) ) ;
#520 = DIRECTION ( 'NONE',  ( -1.000000000000000000, -0.000000000000000000, -0.000000000000000000 ) ) ;
#521 = CARTESIAN_POINT ( 'NONE',  ( -22.50000000000005329, -1.299396568249269412, -0.9335783622290432238 ) ) ;
#522 = VERTEX_POINT ( 'NONE', #81 ) ;
#523 = CARTESIAN_POINT ( 'NONE',  ( -22.50000000000000355, 0.000000000000000000, 0.000000000000000000 ) ) ;
#524 = B_SPLINE_CURVE_WITH_KNOTS ( 'NONE', 3,
 ( #290, #209, #301, #219, #959, #413, #585 ),
 .UNSPECIFIED., .F., .F.,
 ( 4, 1, 1, 1, 4 ),
 ( 1.253012531948772359E-15, 8.681502110536761776E-05, 0.0001736300424040513560, 0.0002604450637027348639, 0.0003472600850014186157 ),
 .UNSPECIFIED. ) ;
#525 = CARTESIAN_POINT ( 'NONE',  ( -18.86617478787885460, -0.3870123676145778013, -1.553280701416739573 ) ) ;
#526 = CIRCLE ( 'NONE', #16, 0.3000000000000000444 ) ;
#527 = PRESENTATION_STYLE_ASSIGNMENT (( #157 ) ) ;
#528 = MECHANICAL_DESIGN_GEOMETRIC_PRESENTATION_REPRESENTATION (  '', ( #203 ), #814 ) ;
#529 =( GEOMETRIC_REPRESENTATION_CONTEXT ( 3 ) GLOBAL_UNCERTAINTY_ASSIGNED_CONTEXT ( ( #845 ) ) GLOBAL_UNIT_ASSIGNED_CONTEXT ( ( #1035, #936, #37 ) ) REPRESENTATION_CONTEXT ( 'NONE', 'WORKASPACE' ) );
#530 =( LENGTH_UNIT ( ) NAMED_UNIT ( * ) SI_UNIT ( .MILLI., .METRE. ) );
#531 = EDGE_LOOP ( 'NONE', ( #659, #602, #517, #942 ) ) ;
#532 = EDGE_CURVE ( 'NONE', #283, #548, #683, .T. ) ;
#533 = CARTESIAN_POINT ( 'NONE',  ( -25.00000000000000000, 0.1532088886237976955, -0.1975526169066288695 ) ) ;
#534 = CARTESIAN_POINT ( 'NONE',  ( -18.01428555551406774, -0.05130668679052859116, -1.599284207693321802 ) ) ;
#535 = CARTESIAN_POINT ( 'NONE',  ( -24.99999999999997868, 2.827791774616963838E-05, -0.1203341383440529599 ) ) ;
#536 = DIRECTION ( 'NONE',  ( -1.000000000000000000, 0.000000000000000000, 0.000000000000000000 ) ) ;
#537 = ORIENTED_EDGE ( 'NONE', *, *, #745, .T. ) ;
#538 = EDGE_CURVE ( 'NONE', #964, #349, #454, .T. ) ;
#539 = CARTESIAN_POINT ( 'NONE',  ( -22.61667049188537604, -0.1975526169066308402, -0.1532088886237959469 ) ) ;
#540 = B_SPLINE_SURFACE_WITH_KNOTS ( 'NONE', 3, 3, ( 
 ( #1133, #383, #752, #1121 ),
 ( #945, #389, #495, #1128 ),
 ( #297, #672, #218, #502 ),
 ( #318, #52, #952, #861 ),
 ( #143, #1053, #406, #775 ),
 ( #1147, #592, #225, #810 ),
 ( #837, #569, #1178, #895 ),
 ( #1024, #756, #930, #291 ),
 ( #656, #1114, #561, #668 ),
 ( #180, #117, #280, #576 ),
 ( #995, #444, #746, #122 ),
 ( #376, #382, #210, #31 ) ),
 .UNSPECIFIED., .F., .F., .F.,
 ( 4, 1, 1, 1, 2, 1, 1, 1, 4 ),
 ( 4, 4 ),
 ( 0.000000000000000000, 0.2105908094475574255, 0.4211816188951148510, 0.6317724283426724430, 0.8423632377902300350, 0.8817724283426725540, 0.9211816188951150730, 0.9605908094475574810, 1.000000000000000000 ),
 ( 0.000000000000000000, 1.000000000000000000 ),
 .UNSPECIFIED. ) ;
#541 = AXIS2_PLACEMENT_3D ( 'NONE', #670, #1134, #503 ) ;
#542 = CARTESIAN_POINT ( 'NONE',  ( -22.68589262728662348, -0.1975526169066308402, -0.1532088886237959469 ) ) ;
#543 = CARTESIAN_POINT ( 'NONE',  ( -22.50000000000001776, 1.299396568249282291, 0.9335783622290677597 ) ) ;
#544 = ORIENTED_EDGE ( 'NONE', *, *, #364, .T. ) ;
#545 = CARTESIAN_POINT ( 'NONE',  ( -22.61552615870170513, -0.1203341383440529599, -2.827791774490920253E-05 ) ) ;
#546 = CARTESIAN_POINT ( 'NONE',  ( -18.00000000000000711, -0.2934001163918761312, -1.739208596580776423 ) ) ;
#547 = FACE_OUTER_BOUND ( 'NONE', #564, .T. ) ;
#548 = VERTEX_POINT ( 'NONE', #543 ) ;
#549 = CARTESIAN_POINT ( 'NONE',  ( -25.00000000000002132, -0.5952521812380489052, 0.4869184463736533353 ) ) ;
#550 = CARTESIAN_POINT ( 'NONE',  ( -17.99999999999999645, -0.09646196535577901410, -1.610783581147983368 ) ) ;
#551 = UNCERTAINTY_MEASURE_WITH_UNIT (LENGTH_MEASURE( 1.000000000000000082E-05 ), #661, 'distance_accuracy_value', 'NONE');
#552 = CARTESIAN_POINT ( 'NONE',  ( -24.16650224770387823, 0.5425961563650073538, 0.4427347953234217481 ) ) ;
#553 = ORIENTED_EDGE ( 'NONE', *, *, #777, .T. ) ;
#554 = MECHANICAL_DESIGN_GEOMETRIC_PRESENTATION_REPRESENTATION (  '', ( #339 ), #907 ) ;
#555 = CARTESIAN_POINT ( 'NONE',  ( -18.00000000000000355, -1.654254386713302383, -0.1720729309053136424 ) ) ;
#556 = CARTESIAN_POINT ( 'NONE',  ( -18.00000000000000355, 0.1720729309053309619, -1.654254386713300606 ) ) ;
#557 = FILL_AREA_STYLE ('',( #397 ) ) ;
#558 = VERTEX_POINT ( 'NONE', #348 ) ;
#559 = CYLINDRICAL_SURFACE ( 'NONE', #794, 1.599999999999999645 ) ;
#560 = CARTESIAN_POINT ( 'NONE',  ( -20.30773125568212834, -0.8742111633404373583, -0.08989199575424411393 ) ) ;
#561 = CARTESIAN_POINT ( 'NONE',  ( -22.61552615870170513, 0.1203341383440529599, 2.827791774490920253E-05 ) ) ;
#562 =( NAMED_UNIT ( * ) SI_UNIT ( $, .STERADIAN. ) SOLID_ANGLE_UNIT ( ) );
#563 = CARTESIAN_POINT ( 'NONE',  ( -18.00000000000000711, 0.003979682306040914844, -1.600013649028807272 ) ) ;
#564 = EDGE_LOOP ( 'NONE', ( #1135, #877, #485, #1075, #1089, #480, #653, #1065 ) ) ;
#565 = UNCERTAINTY_MEASURE_WITH_UNIT (LENGTH_MEASURE( 1.000000000000000082E-05 ), #581, 'distance_accuracy_value', 'NONE');
#566 = COLOUR_RGB ( '',0.8980392156862745390, 0.8980392156862745390, 0.8980392156862745390 ) ;
#567 = ADVANCED_FACE ( 'NONE', ( #547 ), #733, .F. ) ;
#568 = PRESENTATION_LAYER_ASSIGNMENT (  '', '', ( #419 ) ) ;
#569 = CARTESIAN_POINT ( 'NONE',  ( -20.30811854722243837, 0.9056559147609093419, -0.1409688159092746251 ) ) ;
#570 = CARTESIAN_POINT ( 'NONE',  ( -22.61667049188538314, 0.1975526169066308402, 0.1532088886237959469 ) ) ;
#571 = CARTESIAN_POINT ( 'NONE',  ( -18.00000000000000355, -0.1720729309053193601, 1.654254386713301495 ) ) ;
#572 =( NAMED_UNIT ( * ) PLANE_ANGLE_UNIT ( ) SI_UNIT ( $, .RADIAN. ) );
#573 = ORIENTED_EDGE ( 'NONE', *, *, #73, .F. ) ;
#574 = EDGE_CURVE ( 'NONE', #401, #1050, #189, .T. ) ;
#575 = SURFACE_STYLE_FILL_AREA ( #684 ) ;
#576 = CARTESIAN_POINT ( 'NONE',  ( -25.00000000000002842, 0.1376540976562545815, 0.08332723712426749751 ) ) ;
#577 = FACE_OUTER_BOUND ( 'NONE', #112, .T. ) ;
#578 = ORIENTED_EDGE ( 'NONE', *, *, #1041, .F. ) ;
#579 =( NAMED_UNIT ( * ) PLANE_ANGLE_UNIT ( ) SI_UNIT ( $, .RADIAN. ) );
#580 = PRESENTATION_STYLE_ASSIGNMENT (( #924 ) ) ;
#581 =( LENGTH_UNIT ( ) NAMED_UNIT ( * ) SI_UNIT ( .MILLI., .METRE. ) );
#582 = B_SPLINE_CURVE_WITH_KNOTS ( 'NONE', 3,
 ( #914, #263, #98, #4, #269, #187, #905, #11 ),
 .UNSPECIFIED., .F., .F.,
 ( 4, 2, 2, 4 ),
 ( 1.773466118204371843E-17, 0.001094154664868840932, 0.002188309329737663650, 0.004376618659475319494 ),
 .UNSPECIFIED. ) ;
#583 = STYLED_ITEM ( 'NONE', ( #646 ), #781 ) ;
#584 = EDGE_CURVE ( 'NONE', #903, #332, #91, .T. ) ;
#585 = CARTESIAN_POINT ( 'NONE',  ( -25.00000000000000000, -0.1532088886237962799, 0.1975526169066299242 ) ) ;
#586 = CARTESIAN_POINT ( 'NONE',  ( -18.20113377625996876, 0.1712513226655797138, -1.590808908852753056 ) ) ;
#587 = CARTESIAN_POINT ( 'NONE',  ( -18.00000000000000355, -6.208103146669373512E-15, 1.899999999999999689 ) ) ;
#588 = CARTESIAN_POINT ( 'NONE',  ( -22.61898643690786059, 0.2634999506397291968, 0.3289923862951527611 ) ) ;
#589 = EDGE_LOOP ( 'NONE', ( #201, #709, #812, #92, #82, #373, #69 ) ) ;
#590 = CARTESIAN_POINT ( 'NONE',  ( -22.50000000000002842, 0.9334247919066120946, 1.299506890268034454 ) ) ;
#591 = CARTESIAN_POINT ( 'NONE',  ( -18.89744533108681068, 1.551793346327740242, 0.3994990505920620327 ) ) ;
#592 = CARTESIAN_POINT ( 'NONE',  ( -20.30949321845393385, 1.034100491437962566, -0.2784500335158123230 ) ) ;
#593 = B_SPLINE_CURVE_WITH_KNOTS ( 'NONE', 3,
 ( #323, #1171, #231, #164, #236, #599, #533 ),
 .UNSPECIFIED., .F., .F.,
 ( 4, 1, 1, 1, 4 ),
 ( 9.365143893461371623E-16, 8.681502110513021815E-05, 0.0001736300424038930354, 0.0002604450637026556629, 0.0003472600850014185073 ),
 .UNSPECIFIED. ) ;
#594 = DIRECTION ( 'NONE',  ( -1.000000000000000000, -0.000000000000000000, 0.000000000000000000 ) ) ;
#595 = VERTEX_POINT ( 'NONE', #641 ) ;
#596 = PRODUCT ( '\X2\62795934\X0\', '\X2\62795934\X0\', '', ( #597 ) ) ;
#597 = PRODUCT_CONTEXT ( 'NONE', #1113, 'mechanical' ) ;
#598 = DIRECTION ( 'NONE',  ( 1.000000000000000000, 0.000000000000000000, 0.000000000000000000 ) ) ;
#599 = CARTESIAN_POINT ( 'NONE',  ( -25.00000000000004263, 0.1325694245591201303, -0.1729554614583307115 ) ) ;
#600 = CARTESIAN_POINT ( 'NONE',  ( -20.95448961039826941, -0.7977924787620471747, -1.394046665503966720 ) ) ;
#601 = CARTESIAN_POINT ( 'NONE',  ( -22.50000000000003908, -1.299506890268030457, 0.9334247919066175347 ) ) ;
#602 = ORIENTED_EDGE ( 'NONE', *, *, #385, .T. ) ;
#603 = CARTESIAN_POINT ( 'NONE',  ( -18.00000000000000711, 0.003979260410521646280, 1.600007250708658457 ) ) ;
#604 = EDGE_CURVE ( 'NONE', #984, #674, #1002, .T. ) ;
#605 = CARTESIAN_POINT ( 'NONE',  ( -18.06661533908524220, -0.1031257639661747744, -1.596728172394854539 ) ) ;
#606 = MECHANICAL_DESIGN_GEOMETRIC_PRESENTATION_REPRESENTATION (  '', ( #511 ), #241 ) ;
#607 = CARTESIAN_POINT ( 'NONE',  ( -18.00000000000002132, 0.8861469342763620416, 2.154254386713303937 ) ) ;
#608 = ORIENTED_EDGE ( 'NONE', *, *, #821, .T. ) ;
#609 = CIRCLE ( 'NONE', #39, 1.599999999999999645 ) ;
#610 = DIRECTION ( 'NONE',  ( 1.000000000000000000, 0.000000000000000000, 0.000000000000000000 ) ) ;
#611 = CARTESIAN_POINT ( 'NONE',  ( -22.64922313907430862, -1.802595762363177201, 1.500000000000000222 ) ) ;
#612 = CARTESIAN_POINT ( 'NONE',  ( -18.04707997986932355, -0.08827703666889952228, -1.597670027847938767 ) ) ;
#613 = AXIS2_PLACEMENT_3D ( 'NONE', #243, #1161, #1149 ) ;
#614 = CARTESIAN_POINT ( 'NONE',  ( -18.00000000000000711, 0.2934001163918882882, 1.739208596580774424 ) ) ;
#615 = ORIENTED_EDGE ( 'NONE', *, *, #1136, .T. ) ;
#616 = DIRECTION ( 'NONE',  ( -1.000000000000000000, -0.000000000000000000, -0.000000000000000000 ) ) ;
#617 = DIRECTION ( 'NONE',  ( 0.000000000000000000, -1.000000000000000000, -3.614007241618347587E-15 ) ) ;
#618 = CARTESIAN_POINT ( 'NONE',  ( -18.17479553524643876, -0.1614529097654157641, -1.591925565322648062 ) ) ;
#619 = CARTESIAN_POINT ( 'NONE',  ( -22.64922313907430862, -1.500000000000006439, 1.802595762363172538 ) ) ;
#620 = DIRECTION ( 'NONE',  ( 1.000000000000000000, 0.000000000000000000, 0.000000000000000000 ) ) ;
#621 = ORIENTED_EDGE ( 'NONE', *, *, #821, .F. ) ;
#622 = CARTESIAN_POINT ( 'NONE',  ( -18.20113377625997586, -0.1712513226655686671, 1.590808908852754833 ) ) ;
#623 = EDGE_CURVE ( 'NONE', #401, #430, #880, .T. ) ;
#624 = CARTESIAN_POINT ( 'NONE',  ( -18.17479553524644231, 0.1614529097654261725, 1.591925565322646507 ) ) ;
#625 = PRESENTATION_LAYER_ASSIGNMENT (  '', '', ( #583 ) ) ;
#626 = CARTESIAN_POINT ( 'NONE',  ( -18.20113377625996876, 0.1712513226655797138, -1.590808908852753056 ) ) ;
#627 = AXIS2_PLACEMENT_3D ( 'NONE', #1013, #1181, #184 ) ;
#628 =( GEOMETRIC_REPRESENTATION_CONTEXT ( 3 ) GLOBAL_UNCERTAINTY_ASSIGNED_CONTEXT ( ( #1036 ) ) GLOBAL_UNIT_ASSIGNED_CONTEXT ( ( #474, #572, #285 ) ) REPRESENTATION_CONTEXT ( 'NONE', 'WORKASPACE' ) );
#629 =( GEOMETRIC_REPRESENTATION_CONTEXT ( 3 ) GLOBAL_UNCERTAINTY_ASSIGNED_CONTEXT ( ( #1021 ) ) GLOBAL_UNIT_ASSIGNED_CONTEXT ( ( #398, #687, #562 ) ) REPRESENTATION_CONTEXT ( 'NONE', 'WORKASPACE' ) );
#630 = ORIENTED_EDGE ( 'NONE', *, *, #758, .F. ) ;
#631 = CARTESIAN_POINT ( 'NONE',  ( -20.30811854722243837, -0.9056559147609093419, 0.1409688159092746251 ) ) ;
#632 = CARTESIAN_POINT ( 'NONE',  ( -20.30773734665889307, -0.08989663800489608447, -0.8742194326444691077 ) ) ;
#633 = DIRECTION ( 'NONE',  ( 0.000000000000000000, 0.000000000000000000, -1.000000000000000000 ) ) ;
#634 = DIRECTION ( 'NONE',  ( 0.000000000000000000, 0.000000000000000000, 1.000000000000000000 ) ) ;
#635 = VERTEX_POINT ( 'NONE', #521 ) ;
#636 = CARTESIAN_POINT ( 'NONE',  ( -18.00000000000000355, -1.638356368063486723, 0.1493682072594308408 ) ) ;
#637 = FILL_AREA_STYLE_COLOUR ( '', #17 ) ;
#638 = B_SPLINE_CURVE_WITH_KNOTS ( 'NONE', 3,
 ( #1018, #90, #842, #355, #296, #1, #831, #86 ),
 .UNSPECIFIED., .F., .F.,
 ( 4, 2, 2, 4 ),
 ( 0.000000000000000000, 6.849175650560038338E-05, 0.0001369835130112007397, 0.0002739670260223929141 ),
 .UNSPECIFIED. ) ;
#639 = CARTESIAN_POINT ( 'NONE',  ( -20.30776307935086322, -2.179178230204096236E-06, -0.8574487458443112997 ) ) ;
#640 = CLOSED_SHELL ( 'NONE', ( #781, #496, #165, #998, #992, #1081, #41, #567, #436, #442, #313, #319, #163, #456, #953, #859, #1029, #276 ) ) ;
#641 = CARTESIAN_POINT ( 'NONE',  ( -18.00000000000001066, -0.003979682306038987566, 1.600013649028807272 ) ) ;
#642 = EDGE_LOOP ( 'NONE', ( #197, #578, #120 ) ) ;
#643 = CARTESIAN_POINT ( 'NONE',  ( -22.63514781053091340, -1.000074189634903465, 0.8266044443118970575 ) ) ;
#644 = CARTESIAN_POINT ( 'NONE',  ( -22.62752137428169164, 0.6021392590825384028, -0.7325669987254735949 ) ) ;
#645 = CARTESIAN_POINT ( 'NONE',  ( -17.99999999999999289, -0.5324842470073339884, -1.906617107104040310 ) ) ;
#646 = PRESENTATION_STYLE_ASSIGNMENT (( #1146 ) ) ;
#647 = VERTEX_POINT ( 'NONE', #26 ) ;
#648 = AXIS2_PLACEMENT_3D ( 'NONE', #1142, #1059, #948 ) ;
#649 = COLOUR_RGB ( '',1.000000000000000000, 1.000000000000000000, 1.000000000000000000 ) ;
#650 = CARTESIAN_POINT ( 'NONE',  ( -20.30949321845393385, -1.034100491437962566, 0.2784500335158123230 ) ) ;
#651 = CARTESIAN_POINT ( 'NONE',  ( -18.00000000000000355, 0.1493682072594470778, -1.638356368063484725 ) ) ;
#652 = DIRECTION ( 'NONE',  ( -1.000000000000000000, -0.000000000000000000, -0.000000000000000000 ) ) ;
#653 = ORIENTED_EDGE ( 'NONE', *, *, #228, .T. ) ;
#654 = B_SPLINE_CURVE_WITH_KNOTS ( 'NONE', 3,
 ( #563, #925, #111, #377, #196, #220, #101, #586 ),
 .UNSPECIFIED., .F., .F.,
 ( 4, 2, 2, 4 ),
 ( 0.000000000000000000, 6.849175650560139982E-05, 0.0001369835130112027996, 0.0002739670260223969799 ),
 .UNSPECIFIED. ) ;
#655 = CARTESIAN_POINT ( 'NONE',  ( -17.99999999999999289, -1.906617107104034536, 0.5324842470073539724 ) ) ;
#656 = CARTESIAN_POINT ( 'NONE',  ( -18.00000000000001421, 1.594563353344569556, -3.263627422327999242E-05 ) ) ;
#657 = CARTESIAN_POINT ( 'NONE',  ( -20.30773125568212834, 0.08989199575425327327, -0.8742111633404363591 ) ) ;
#658 = CARTESIAN_POINT ( 'NONE',  ( -18.15836078029493450, -0.1551105675938337924, 1.592546468681258043 ) ) ;
#659 = ORIENTED_EDGE ( 'NONE', *, *, #584, .F. ) ;
#660 = EDGE_CURVE ( 'NONE', #912, #328, #940, .T. ) ;
#661 =( LENGTH_UNIT ( ) NAMED_UNIT ( * ) SI_UNIT ( .MILLI., .METRE. ) );
#662 = FILL_AREA_STYLE ('',( #1086 ) ) ;
#663 = CARTESIAN_POINT ( 'NONE',  ( -22.63837225667800368, 1.267581380544328784, 1.051069629541265371 ) ) ;
#664 = FACE_OUTER_BOUND ( 'NONE', #642, .T. ) ;
#665 = EDGE_CURVE ( 'NONE', #595, #718, #93, .T. ) ;
#666 = AXIS2_PLACEMENT_3D ( 'NONE', #438, #901, #23 ) ;
#667 = DIRECTION ( 'NONE',  ( 1.000000000000000000, 0.000000000000000000, -1.710277143924436943E-16 ) ) ;
#668 = CARTESIAN_POINT ( 'NONE',  ( -24.99999999999997868, 0.1203341383440529599, 2.827791774490920253E-05 ) ) ;
#669 = FILL_AREA_STYLE_COLOUR ( '', #1083 ) ;
#670 = CARTESIAN_POINT ( 'NONE',  ( -18.00000000000000355, -1.899999999999999689, 4.257113971325781865E-16 ) ) ;
#671 = CARTESIAN_POINT ( 'NONE',  ( -18.15836078029492384, -1.592546468681265592, -0.1551105675938310169 ) ) ;
#672 = CARTESIAN_POINT ( 'NONE',  ( -20.32164065606886894, 1.903393932177166015, -1.203050031897763494 ) ) ;
#673 = DIRECTION ( 'NONE',  ( 0.000000000000000000, -1.000000000000000000, -3.614007241618347587E-15 ) ) ;
#674 = VERTEX_POINT ( 'NONE', #366 ) ;
#675 = CARTESIAN_POINT ( 'NONE',  ( -18.04196824740301963, -1.597919455001992839, -0.08345559650867014068 ) ) ;
#676 = DIRECTION ( 'NONE',  ( -1.000000000000000000, 0.000000000000000000, 0.000000000000000000 ) ) ;
#677 = PRESENTATION_STYLE_ASSIGNMENT (( #483 ) ) ;
#678 = CARTESIAN_POINT ( 'NONE',  ( -19.60576139100626847, 0.5664001325080380012, -1.498950623278125338 ) ) ;
#679 = CARTESIAN_POINT ( 'NONE',  ( -25.00000000000003197, 1.166290442250139003, 1.404896198031764021 ) ) ;
#680 = ORIENTED_EDGE ( 'NONE', *, *, #1009, .T. ) ;
#681 = COLOUR_RGB ( '',1.000000000000000000, 1.000000000000000000, 1.000000000000000000 ) ;
#682 =( GEOMETRIC_REPRESENTATION_CONTEXT ( 3 ) GLOBAL_UNCERTAINTY_ASSIGNED_CONTEXT ( ( #100 ) ) GLOBAL_UNIT_ASSIGNED_CONTEXT ( ( #160, #966, #329 ) ) REPRESENTATION_CONTEXT ( 'NONE', 'WORKASPACE' ) );
#683 = CIRCLE ( 'NONE', #129, 1.599999999999999645 ) ;
#684 = FILL_AREA_STYLE ('',( #134 ) ) ;
#685 = B_SPLINE_SURFACE_WITH_KNOTS ( 'NONE', 3, 3, ( 
 ( #870, #450, #994, #1110 ),
 ( #371, #443, #6, #437 ),
 ( #1084, #353, #99, #95 ),
 ( #1019, #1099, #270, #185 ),
 ( #645, #805, #104, #1007 ),
 ( #546, #85, #188, #179 ),
 ( #728, #1091, #195, #12 ),
 ( #550, #632, #265, #915 ),
 ( #457, #639, #1105, #535 ),
 ( #281, #657, #275, #1001 ),
 ( #651, #1014, #894, #1177 ),
 ( #556, #258, #824, #19 ) ),
 .UNSPECIFIED., .F., .F., .F.,
 ( 4, 1, 1, 1, 2, 1, 1, 1, 4 ),
 ( 4, 4 ),
 ( 0.000000000000000000, 0.2105908094475574255, 0.4211816188951148510, 0.6317724283426724430, 0.8423632377902300350, 0.8817724283426725540, 0.9211816188951150730, 0.9605908094475574810, 1.000000000000000000 ),
 ( 0.000000000000000000, 1.000000000000000000 ),
 .UNSPECIFIED. ) ;
#686 = CARTESIAN_POINT ( 'NONE',  ( -18.20113377625997586, -0.1712513226655686671, 1.590808908852754833 ) ) ;
#687 =( NAMED_UNIT ( * ) PLANE_ANGLE_UNIT ( ) SI_UNIT ( $, .RADIAN. ) );
#688 = CARTESIAN_POINT ( 'NONE',  ( -22.50000000000007461, 0.9335783622289701711, -1.299396568249245876 ) ) ;
#689 = CARTESIAN_POINT ( 'NONE',  ( -22.63514781053091340, 0.8266044443118936158, 1.000074189634906130 ) ) ;
#690 = ORIENTED_EDGE ( 'NONE', *, *, #148, .F. ) ;
#691 = CARTESIAN_POINT ( 'NONE',  ( -20.44248646817138848, 0.8842090356323050182, 0.1621009734583161443 ) ) ;
#692 = SURFACE_STYLE_USAGE ( .BOTH. , #868 ) ;
#693 = CARTESIAN_POINT ( 'NONE',  ( -22.50000000000003553, -0.9335783622289636208, 1.299396568249255202 ) ) ;
#694 = CARTESIAN_POINT ( 'NONE',  ( -20.32461156953715786, -1.550110468823718834, 2.228425074538235240 ) ) ;
#695 = CARTESIAN_POINT ( 'NONE',  ( -17.99999999999999645, 1.239809621545374441, 2.401891666322576224 ) ) ;
#696 = ORIENTED_EDGE ( 'NONE', *, *, #396, .T. ) ;
#697 = EDGE_CURVE ( 'NONE', #558, #306, #737, .T. ) ;
#698 = CIRCLE ( 'NONE', #839, 0.3000000000000000444 ) ;
#699 = CARTESIAN_POINT ( 'NONE',  ( -18.00000000000000355, 0.1720729309053309064, -1.654254386713300384 ) ) ;
#700 = CARTESIAN_POINT ( 'NONE',  ( -25.00000000000000000, 0.1532088886237976955, -0.1975526169066288695 ) ) ;
#701 = CARTESIAN_POINT ( 'NONE',  ( -18.00000000000000711, -0.003979260410505047578, -1.600007250708658679 ) ) ;
#702 = SURFACE_STYLE_FILL_AREA ( #1154 ) ;
#703 = CARTESIAN_POINT ( 'NONE',  ( -24.99999999999997868, 0.8266044443118936158, 1.000074189634906130 ) ) ;
#704 = VERTEX_POINT ( 'NONE', #501 ) ;
#705 = CARTESIAN_POINT ( 'NONE',  ( -18.00000000000000711, 0.003979260410521646280, 1.600007250708658457 ) ) ;
#706 = EDGE_CURVE ( 'NONE', #833, #249, #654, .T. ) ;
#707 =( NAMED_UNIT ( * ) SI_UNIT ( $, .STERADIAN. ) SOLID_ANGLE_UNIT ( ) );
#708 = CARTESIAN_POINT ( 'NONE',  ( -20.32362126504773059, 1.434301345072447109, 2.120228084910248612 ) ) ;
#709 = ORIENTED_EDGE ( 'NONE', *, *, #350, .T. ) ;
#710 = CARTESIAN_POINT ( 'NONE',  ( -22.50000000000007461, 0.9335783622289701711, -1.299396568249245876 ) ) ;
#711 = CARTESIAN_POINT ( 'NONE',  ( -25.00000000000000355, -0.6021392590825332958, 0.7325669987254778137 ) ) ;
#712 = COLOUR_RGB ( '',1.000000000000000000, 1.000000000000000000, 1.000000000000000000 ) ;
#713 = ORIENTED_EDGE ( 'NONE', *, *, #714, .F. ) ;
#714 = EDGE_CURVE ( 'NONE', #177, #903, #465, .T. ) ;
#715 = CARTESIAN_POINT ( 'NONE',  ( -18.86617478787884394, 0.3870123676145867941, 1.553280701416736242 ) ) ;
#716 = DIRECTION ( 'NONE',  ( -1.000000000000000000, -0.000000000000000000, -0.000000000000000000 ) ) ;
#717 = CARTESIAN_POINT ( 'NONE',  ( -25.00000000000000000, 0.1729554614583320993, -0.1325694245591184095 ) ) ;
#718 = VERTEX_POINT ( 'NONE', #686 ) ;
#719 = CARTESIAN_POINT ( 'NONE',  ( -18.00000000000000711, -1.739208596580773314, 0.2934001163918943389 ) ) ;
#720 = FACE_OUTER_BOUND ( 'NONE', #1163, .T. ) ;
#721 = AXIS2_PLACEMENT_3D ( 'NONE', #519, #881, #1165 ) ;
#722 = CIRCLE ( 'NONE', #55, 1.599999999999999645 ) ;
#723 = FACE_OUTER_BOUND ( 'NONE', #531, .T. ) ;
#724 = CARTESIAN_POINT ( 'NONE',  ( -18.00000000000000355, -1.899999999999999689, 4.257113971325781865E-16 ) ) ;
#725 = COLOUR_RGB ( '',1.000000000000000000, 1.000000000000000000, 1.000000000000000000 ) ;
#726 = COLOUR_RGB ( '',0.8980392156862745390, 0.8980392156862745390, 0.8980392156862745390 ) ;
#727 = CARTESIAN_POINT ( 'NONE',  ( -22.61546251136424956, -0.1376540976562545815, -0.08332723712426749751 ) ) ;
#728 = CARTESIAN_POINT ( 'NONE',  ( -18.00000000000000355, -0.1493682072594136878, -1.638356368063488278 ) ) ;
#729 = CARTESIAN_POINT ( 'NONE',  ( -18.00000000000000711, -0.0004583305888169086537, -1.599983918515815562 ) ) ;
#730 = CARTESIAN_POINT ( 'NONE',  ( -22.50000000000003553, -0.9335783622289636208, 1.299396568249255202 ) ) ;
#731 = VERTEX_POINT ( 'NONE', #944 ) ;
#732 = CARTESIAN_POINT ( 'NONE',  ( -22.61623709444486963, -0.1729554614583320993, 0.1325694245591184095 ) ) ;
#733 = PLANE ( 'NONE',  #272 ) ;
#734 = VERTEX_POINT ( 'NONE', #853 ) ;
#735 = CARTESIAN_POINT ( 'NONE',  ( -18.00000000000001066, -2.371613600091151312E-11, -1.599983768174977561 ) ) ;
#736 =( NAMED_UNIT ( * ) SI_UNIT ( $, .STERADIAN. ) SOLID_ANGLE_UNIT ( ) );
#737 = CIRCLE ( 'NONE', #1140, 1.599999999999999645 ) ;
#738 = DIRECTION ( 'NONE',  ( -1.000000000000000000, 0.000000000000000000, 0.000000000000000000 ) ) ;
#739 = ADVANCED_BREP_SHAPE_REPRESENTATION ( '\X2\62795934\X0\', ( #1145, #1167 ), #190 ) ;
#740 = CARTESIAN_POINT ( 'NONE',  ( -25.00000000000001066, -0.1376552841409537931, 0.08333131065401458426 ) ) ;
#741 = CARTESIAN_POINT ( 'NONE',  ( -22.50000000000002842, 0.9334247919066120946, 1.299506890268034454 ) ) ;
#742 = CARTESIAN_POINT ( 'NONE',  ( -18.05978947073600338, -0.09788947776784424903, 1.597054023442519011 ) ) ;
#743 = ORIENTED_EDGE ( 'NONE', *, *, #919, .T. ) ;
#744 = PRESENTATION_STYLE_ASSIGNMENT (( #1022 ) ) ;
#745 = EDGE_CURVE ( 'NONE', #360, #548, #978, .T. ) ;
#746 = CARTESIAN_POINT ( 'NONE',  ( -22.61626783171166721, 0.1729554614583320993, 0.1325694245591183262 ) ) ;
#747 = CARTESIAN_POINT ( 'NONE',  ( -25.00000000000000355, 0.1975526169066308402, 0.1532088886237959469 ) ) ;
#748 = B_SPLINE_CURVE_WITH_KNOTS ( 'NONE', 3,
 ( #207, #955, #856, #1044, #390, #1054, #399, #118, #378, #947, #759, #1139, #299, #312, #750, #1117 ),
 .UNSPECIFIED., .F., .F.,
 ( 4, 2, 2, 2, 2, 2, 2, 4 ),
 ( 0.000000000000000000, 0.002330304468569595507, 0.003495456702854392826, 0.004078032819996786282, 0.004369320878567983443, 0.004514964907853582024, 0.004587786922496376978, 0.004660608937139171064 ),
 .UNSPECIFIED. ) ;
#749 = CARTESIAN_POINT ( 'NONE',  ( -18.11654586707818027, -0.1362049638066809010, 1.594397636237735227 ) ) ;
#750 = CARTESIAN_POINT ( 'NONE',  ( -18.00127328987145248, 1.599932993976711293, -0.02893092954388973292 ) ) ;
#751 = DIRECTION ( 'NONE',  ( 0.000000000000000000, 0.000000000000000000, 1.000000000000000000 ) ) ;
#752 = CARTESIAN_POINT ( 'NONE',  ( -22.64922313907430862, 1.802595762363177201, -1.500000000000000222 ) ) ;
#753 = CARTESIAN_POINT ( 'NONE',  ( -18.89744533108680358, 0.3994990505920782420, -1.551793346327735357 ) ) ;
#754 = EDGE_LOOP ( 'NONE', ( #1175, #1080, #573, #608 ) ) ;
#755 = CARTESIAN_POINT ( 'NONE',  ( -18.20113377625996876, -1.590808908852754833, -0.1712513226655630327 ) ) ;
#756 = CARTESIAN_POINT ( 'NONE',  ( -20.30773734665889307, 0.8742194326444682195, -0.08989663800490524381 ) ) ;
#757 = FILL_AREA_STYLE_COLOUR ( '', #649 ) ;
#758 = EDGE_CURVE ( 'NONE', #548, #674, #489, .T. ) ;
#759 = CARTESIAN_POINT ( 'NONE',  ( -18.12897881654313181, 1.593835842868907449, -0.1427950448665361305 ) ) ;
#760 = ORIENTED_EDGE ( 'NONE', *, *, #813, .F. ) ;
#761 = CIRCLE ( 'NONE', #1034, 1.599999999999999645 ) ;
#762 = CARTESIAN_POINT ( 'NONE',  ( -18.00000000000000355, 1.124171602066743825, -2.320921053379957577 ) ) ;
#763 = CARTESIAN_POINT ( 'NONE',  ( -21.77013692201636985, 0.8817643245483404169, -1.336623436182087454 ) ) ;
#764 = CARTESIAN_POINT ( 'NONE',  ( -20.30833524594268980, -0.1626409097645580282, 0.9259035018099660563 ) ) ;
#765 = CARTESIAN_POINT ( 'NONE',  ( -14.00000000000000000, 0.000000000000000000, 0.000000000000000000 ) ) ;
#766 = CARTESIAN_POINT ( 'NONE',  ( -18.00000000000000355, 1.947573223427328105E-14, -1.899999999999999689 ) ) ;
#767 = CARTESIAN_POINT ( 'NONE',  ( -18.00000000000000355, 2.654254386713303493, 1.600220937647422348 ) ) ;
#768 = CARTESIAN_POINT ( 'NONE',  ( -21.04182840076625638, 0.8065201823800816072, -1.387729834879330770 ) ) ;
#769 = CARTESIAN_POINT ( 'NONE',  ( -18.40347186615441188, -1.581521445907682955, 0.2443673770161947922 ) ) ;
#770 = EDGE_LOOP ( 'NONE', ( #240, #315, #278, #991 ) ) ;
#771 = CIRCLE ( 'NONE', #927, 0.3000000000000000444 ) ;
#772 = CARTESIAN_POINT ( 'NONE',  ( -23.33326321676723225, 0.6893936593975883431, 0.9207826881174978606 ) ) ;
#773 = B_SPLINE_SURFACE_WITH_KNOTS ( 'NONE', 3, 3, ( 
 ( #699, #836, #28, #381 ),
 ( #1119, #1098, #644, #1006 ),
 ( #762, #867, #487, #1131 ),
 ( #1037, #1051, #1042, #858 ) ),
 .UNSPECIFIED., .F., .F., .F.,
 ( 4, 4 ),
 ( 4, 4 ),
 ( 0.000000000000000000, 1.000000000000000000 ),
 ( 0.000000000000000000, 1.000000000000000000 ),
 .UNSPECIFIED. ) ;
#774 = CARTESIAN_POINT ( 'NONE',  ( -21.04182840076622085, 1.387729834879340540, 0.8065201823800631775 ) ) ;
#775 = CARTESIAN_POINT ( 'NONE',  ( -25.00000000000002132, 0.5952521812380489052, -0.4869184463736533353 ) ) ;
#776 = CARTESIAN_POINT ( 'NONE',  ( -21.72543522816398820, 0.8784068076382319790, 1.339025842342418393 ) ) ;
#777 = EDGE_CURVE ( 'NONE', #253, #734, #918, .T. ) ;
#778 = CARTESIAN_POINT ( 'NONE',  ( -18.00000000000000355, -0.09645675438422635084, 1.610768229024619691 ) ) ;
#779 = ORIENTED_EDGE ( 'NONE', *, *, #62, .T. ) ;
#780 = CARTESIAN_POINT ( 'NONE',  ( -21.04182840076622441, -0.8065201823800681735, 1.387729834879338542 ) ) ;
#781 = ADVANCED_FACE ( 'NONE', ( #191 ), #277, .T. ) ;
#782 = CARTESIAN_POINT ( 'NONE',  ( -21.72543522816402728, -0.8784068076382256507, -1.339025842342421946 ) ) ;
#783 = FILL_AREA_STYLE_COLOUR ( '', #712 ) ;
#784 = CARTESIAN_POINT ( 'NONE',  ( -25.00000000000001066, 0.08333131065401411242, 0.1376552841409540984 ) ) ;
#785 = VERTEX_POINT ( 'NONE', #793 ) ;
#786 = CIRCLE ( 'NONE', #541, 0.3000000000000000444 ) ;
#787 = CARTESIAN_POINT ( 'NONE',  ( -20.32362126504773059, -2.120228084910243282, 1.434301345072454659 ) ) ;
#788 = CARTESIAN_POINT ( 'NONE',  ( -18.31168867401549250, -0.2125752412000263269, -1.586186608576341639 ) ) ;
#789 = FILL_AREA_STYLE ('',( #61 ) ) ;
#790 = CARTESIAN_POINT ( 'NONE',  ( -22.64922313907430862, 1.499999999999994005, 1.802595762363182530 ) ) ;
#791 = ORIENTED_EDGE ( 'NONE', *, *, #758, .T. ) ;
#792 = EDGE_CURVE ( 'NONE', #253, #34, #593, .T. ) ;
#793 = CARTESIAN_POINT ( 'NONE',  ( -18.00000000000000711, 1.599983918515815562, -0.0004583305888336737803 ) ) ;
#794 = AXIS2_PLACEMENT_3D ( 'NONE', #106, #114, #379 ) ;
#795 = CARTESIAN_POINT ( 'NONE',  ( -25.00000000000000000, 0.1975526169075559058, -0.1532088886262734095 ) ) ;
#796 = CARTESIAN_POINT ( 'NONE',  ( -22.50000000000005329, -1.299396568249269412, -0.9335783622290432238 ) ) ;
#797 = CARTESIAN_POINT ( 'NONE',  ( -24.99999999999997868, -0.1203341383440529599, -2.827791774490920253E-05 ) ) ;
#798 = VERTEX_POINT ( 'NONE', #960 ) ;
#799 =( NAMED_UNIT ( * ) SI_UNIT ( $, .STERADIAN. ) SOLID_ANGLE_UNIT ( ) );
#800 = DIRECTION ( 'NONE',  ( 0.000000000000000000, 0.000000000000000000, -1.000000000000000000 ) ) ;
#801 = CARTESIAN_POINT ( 'NONE',  ( -25.00000000000000355, -0.1532088886237966130, 0.1975526169066303128 ) ) ;
#802 = CARTESIAN_POINT ( 'NONE',  ( -25.00000000000000000, -0.1729554614583320993, 0.1325694245591184095 ) ) ;
#803 = ORIENTED_EDGE ( 'NONE', *, *, #697, .F. ) ;
#804 = FILL_AREA_STYLE ('',( #83 ) ) ;
#805 = CARTESIAN_POINT ( 'NONE',  ( -20.31329965100341894, -0.5097013466904904977, -1.250934644171046939 ) ) ;
#806 = DIRECTION ( 'NONE',  ( -1.000000000000000000, 0.000000000000000000, 0.000000000000000000 ) ) ;
#807 = CARTESIAN_POINT ( 'NONE',  ( -18.06661533908523154, -1.596728172394854317, 0.1031257639661867370 ) ) ;
#808 = ORIENTED_EDGE ( 'NONE', *, *, #899, .T. ) ;
#809 = CARTESIAN_POINT ( 'NONE',  ( -18.00000000000001421, -1.594563353344569556, 3.263627422327999242E-05 ) ) ;
#810 = CARTESIAN_POINT ( 'NONE',  ( -25.00000000000000000, 0.3289923862951518729, -0.2634999506397303626 ) ) ;
#811 = CARTESIAN_POINT ( 'NONE',  ( 0.000000000000000000, 1.959434878635764737E-16, -1.599999999999999645 ) ) ;
#812 = ORIENTED_EDGE ( 'NONE', *, *, #1085, .F. ) ;
#813 = EDGE_CURVE ( 'NONE', #306, #34, #431, .T. ) ;
#814 =( GEOMETRIC_REPRESENTATION_CONTEXT ( 3 ) GLOBAL_UNCERTAINTY_ASSIGNED_CONTEXT ( ( #909 ) ) GLOBAL_UNIT_ASSIGNED_CONTEXT ( ( #202, #286, #1023 ) ) REPRESENTATION_CONTEXT ( 'NONE', 'WORKASPACE' ) );
#815 = DIRECTION ( 'NONE',  ( -1.000000000000000000, -0.000000000000000000, -0.000000000000000000 ) ) ;
#816 = CARTESIAN_POINT ( 'NONE',  ( -25.00000000000002842, 0.1376540976562545815, 0.08332723712426749751 ) ) ;
#817 = ORIENTED_EDGE ( 'NONE', *, *, #1085, .T. ) ;
#818 = PRESENTATION_LAYER_ASSIGNMENT (  '', '', ( #339 ) ) ;
#819 = CARTESIAN_POINT ( 'NONE',  ( -22.61547469331778970, -0.1376552841409537931, 0.08333131065401458426 ) ) ;
#820 = VERTEX_POINT ( 'NONE', #705 ) ;
#821 = EDGE_CURVE ( 'NONE', #984, #558, #171, .T. ) ;
#822 = CARTESIAN_POINT ( 'NONE',  ( -25.00000000000000000, -0.1975526169066308402, -0.1532088886237959469 ) ) ;
#823 = EDGE_CURVE ( 'NONE', #820, #704, #526, .T. ) ;
#824 = CARTESIAN_POINT ( 'NONE',  ( -22.61667049188537604, 0.1532088886237980008, -0.1975526169066292581 ) ) ;
#825 = AXIS2_PLACEMENT_3D ( 'NONE', #766, #676, #405 ) ;
#826 = CARTESIAN_POINT ( 'NONE',  ( -18.04196824740301608, -0.08345559650867637180, 1.597919455001993727 ) ) ;
#827 = ORIENTED_EDGE ( 'NONE', *, *, #385, .F. ) ;
#828 = SURFACE_SIDE_STYLE ('',( #259 ) ) ;
#829 = EDGE_CURVE ( 'NONE', #718, #964, #965, .T. ) ;
#830 = SURFACE_STYLE_FILL_AREA ( #116 ) ;
#831 = CARTESIAN_POINT ( 'NONE',  ( -18.15836078029492384, 1.592546468681265592, 0.1551105675938310169 ) ) ;
#832 = CARTESIAN_POINT ( 'NONE',  ( -23.33326321676718607, -0.6893936593975947824, -0.9207826881175242839 ) ) ;
#833 = VERTEX_POINT ( 'NONE', #149 ) ;
#834 = UNCERTAINTY_MEASURE_WITH_UNIT (LENGTH_MEASURE( 1.000000000000000082E-05 ), #1183, 'distance_accuracy_value', 'NONE');
#835 = SURFACE_STYLE_USAGE ( .BOTH. , #828 ) ;
#836 = CARTESIAN_POINT ( 'NONE',  ( -20.30833524594268980, 0.1626409097645644675, -0.9259035018099648351 ) ) ;
#837 = CARTESIAN_POINT ( 'NONE',  ( -18.00000000000000355, 1.638356368063486723, -0.1493682072594308408 ) ) ;
#838 = SURFACE_STYLE_USAGE ( .BOTH. , #478 ) ;
#839 = AXIS2_PLACEMENT_3D ( 'NONE', #124, #384, #484 ) ;
#840 = SURFACE_STYLE_USAGE ( .BOTH. , #479 ) ;
#841 = CARTESIAN_POINT ( 'NONE',  ( -18.20113377625997586, -0.1712513226655686671, 1.590808908852754833 ) ) ;
#842 = CARTESIAN_POINT ( 'NONE',  ( -18.01254899768525419, 1.599371447876521524, 0.04819121268286324922 ) ) ;
#843 = CARTESIAN_POINT ( 'NONE',  ( -25.00000000000000000, 0.1532088886237976955, -0.1975526169066288695 ) ) ;
#844 = VERTEX_POINT ( 'NONE', #879 ) ;
#845 = UNCERTAINTY_MEASURE_WITH_UNIT (LENGTH_MEASURE( 1.000000000000000082E-05 ), #1035, 'distance_accuracy_value', 'NONE');
#846 = FACE_OUTER_BOUND ( 'NONE', #505, .T. ) ;
#847 = FILL_AREA_STYLE ('',( #757 ) ) ;
#848 = VECTOR ( 'NONE', #616, 1000.000000000000000 ) ;
#849 =( NAMED_UNIT ( * ) PLANE_ANGLE_UNIT ( ) SI_UNIT ( $, .RADIAN. ) );
#850 = CARTESIAN_POINT ( 'NONE',  ( -18.00000000000001421, 3.263627421771260072E-05, 1.594563353344569556 ) ) ;
#851 = ORIENTED_EDGE ( 'NONE', *, *, #792, .T. ) ;
#852 = DIRECTION ( 'NONE',  ( 0.000000000000000000, 0.000000000000000000, -1.000000000000000000 ) ) ;
#853 = CARTESIAN_POINT ( 'NONE',  ( -22.50000000000006750, -0.9334247919066055443, -1.299506890268038672 ) ) ;
#854 = CARTESIAN_POINT ( 'NONE',  ( -20.31918612833900184, 1.794251216962149176, 1.087620615803992496 ) ) ;
#855 = B_SPLINE_SURFACE_WITH_KNOTS ( 'NONE', 3, 3, ( 
 ( #571, #433, #175, #801 ),
 ( #862, #975, #510, #711 ),
 ( #233, #1073, #238, #326 ),
 ( #422, #694, #619, #410 ) ),
 .UNSPECIFIED., .F., .F., .F.,
 ( 4, 4 ),
 ( 4, 4 ),
 ( 0.000000000000000000, 1.000000000000000000 ),
 ( 0.000000000000000000, 1.000000000000000000 ),
 .UNSPECIFIED. ) ;
#856 = CARTESIAN_POINT ( 'NONE',  ( -20.95448961039870994, 1.394046665503926974, -0.7977924787621056835 ) ) ;
#857 = CARTESIAN_POINT ( 'NONE',  ( -19.80737925899956409, -1.482502830002840666, 0.6059249914193773900 ) ) ;
#858 = CARTESIAN_POINT ( 'NONE',  ( -25.00000000000000355, 1.500000000000019096, -1.802595762363162102 ) ) ;
#859 = ADVANCED_FACE ( 'NONE', ( #173 ), #1143, .F. ) ;
#860 = CARTESIAN_POINT ( 'NONE',  ( -19.60576139100626136, 1.498950623278132888, 0.5664001325080203486 ) ) ;
#861 = CARTESIAN_POINT ( 'NONE',  ( -24.99999999999997868, 1.000074189634903465, -0.8266044443118970575 ) ) ;
#862 = CARTESIAN_POINT ( 'NONE',  ( -18.00000000000000355, -0.6481222664860235572, 1.987587720046633644 ) ) ;
#863 = ORIENTED_EDGE ( 'NONE', *, *, #262, .T. ) ;
#864 = PRESENTATION_LAYER_ASSIGNMENT (  '', '', ( #203 ) ) ;
#865 = EDGE_CURVE ( 'NONE', #401, #349, #310, .T. ) ;
#866 = MECHANICAL_DESIGN_GEOMETRIC_PRESENTATION_REPRESENTATION (  '', ( #988 ), #629 ) ;
#867 = CARTESIAN_POINT ( 'NONE',  ( -20.31918612833900184, 1.087620615804011370, -1.794251216962137629 ) ) ;
#868 = SURFACE_SIDE_STYLE ('',( #892 ) ) ;
#869 = FACE_OUTER_BOUND ( 'NONE', #754, .T. ) ;
#870 = CARTESIAN_POINT ( 'NONE',  ( -18.00000000000000355, -1.600220937647395258, -2.654254386713319036 ) ) ;
#871 = CARTESIAN_POINT ( 'NONE',  ( -22.64328131213773787, 1.166290442250139003, 1.404896198031763799 ) ) ;
#872 = ORIENTED_EDGE ( 'NONE', *, *, #1045, .T. ) ;
#873 = CARTESIAN_POINT ( 'NONE',  ( -18.00000000000000355, -2.654254386713302161, 1.600220937647423014 ) ) ;
#874 = DIRECTION ( 'NONE',  ( 1.000000000000000000, 0.000000000000000000, 0.000000000000000000 ) ) ;
#875 = DIRECTION ( 'NONE',  ( -1.000000000000000000, -0.000000000000000000, -0.000000000000000000 ) ) ;
#876 = CARTESIAN_POINT ( 'NONE',  ( -22.61552615870170513, -2.827791774532934782E-05, 0.1203341383440529599 ) ) ;
#877 = ORIENTED_EDGE ( 'NONE', *, *, #792, .F. ) ;
#878 = AXIS2_PLACEMENT_3D ( 'NONE', #48, #1026, #226 ) ;
#879 = CARTESIAN_POINT ( 'NONE',  ( -18.20113377625996876, -1.590808908852754833, -0.1712513226655630327 ) ) ;
#880 = B_SPLINE_CURVE_WITH_KNOTS ( 'NONE', 3,
 ( #1074, #248, #142, #20 ),
 .UNSPECIFIED., .F., .F.,
 ( 4, 4 ),
 ( 6.187926396076590042E-16, 0.002841997094635992371 ),
 .UNSPECIFIED. ) ;
#881 = DIRECTION ( 'NONE',  ( 1.000000000000000000, 0.000000000000000000, 0.000000000000000000 ) ) ;
#882 = DIRECTION ( 'NONE',  ( 0.000000000000000000, 0.000000000000000000, 1.000000000000000000 ) ) ;
#883 = CARTESIAN_POINT ( 'NONE',  ( -18.04707997986932355, -1.597670027847938101, 0.08827703666891416334 ) ) ;
#884 = ORIENTED_EDGE ( 'NONE', *, *, #956, .T. ) ;
#885 = DIRECTION ( 'NONE',  ( 0.000000000000000000, 0.000000000000000000, 1.000000000000000000 ) ) ;
#886 = AXIS2_PLACEMENT_3D ( 'NONE', #78, #1159, #980 ) ;
#887 = CARTESIAN_POINT ( 'NONE',  ( -25.00000000000000000, 0.1975526169075559058, -0.1532088886262734095 ) ) ;
#888 =( GEOMETRIC_REPRESENTATION_CONTEXT ( 3 ) GLOBAL_UNCERTAINTY_ASSIGNED_CONTEXT ( ( #551 ) ) GLOBAL_UNIT_ASSIGNED_CONTEXT ( ( #661, #66, #330 ) ) REPRESENTATION_CONTEXT ( 'NONE', 'WORKASPACE' ) );
#889 = CARTESIAN_POINT ( 'NONE',  ( 25.00000000000000000, 0.000000000000000000, 1.599999999999999645 ) ) ;
#890 = CARTESIAN_POINT ( 'NONE',  ( -22.50000000000000355, 0.000000000000000000, 0.000000000000000000 ) ) ;
#891 = VERTEX_POINT ( 'NONE', #735 ) ;
#892 = SURFACE_STYLE_FILL_AREA ( #804 ) ;
#893 = CARTESIAN_POINT ( 'NONE',  ( -22.50000000000002842, 0.9334247919066120946, 1.299506890268034454 ) ) ;
#894 = CARTESIAN_POINT ( 'NONE',  ( -22.61626783171166721, 0.1325694245591201303, -0.1729554614583307115 ) ) ;
#895 = CARTESIAN_POINT ( 'NONE',  ( -25.00000000000000000, 0.1729554614583320993, -0.1325694245591184095 ) ) ;
#896 = FACE_OUTER_BOUND ( 'NONE', #473, .T. ) ;
#897 = EDGE_LOOP ( 'NONE', ( #146, #3, #459, #424, #271, #50, #453, #21 ) ) ;
#898 = CARTESIAN_POINT ( 'NONE',  ( -20.32164065606886894, -1.903393932177166015, 1.203050031897763494 ) ) ;
#899 = EDGE_CURVE ( 'NONE', #34, #249, #910, .T. ) ;
#900 = SURFACE_STYLE_USAGE ( .BOTH. , #1063 ) ;
#901 = DIRECTION ( 'NONE',  ( 1.000000000000000000, 0.000000000000000000, 0.000000000000000000 ) ) ;
#902 = CARTESIAN_POINT ( 'NONE',  ( -25.00000000000000000, -6.524113552425768953E-15, 0.000000000000000000 ) ) ;
#903 = VERTEX_POINT ( 'NONE', #1005 ) ;
#904 = B_SPLINE_CURVE_WITH_KNOTS ( 'NONE', 3,
 ( #475, #542, #205, #990 ),
 .UNSPECIFIED., .F., .F.,
 ( 4, 4 ),
 ( 0.000000000000000000, 0.9709557007683761176 ),
 .UNSPECIFIED. ) ;
#905 = CARTESIAN_POINT ( 'NONE',  ( -21.77013692201635919, -1.336623436182096780, -0.8817643245483259840 ) ) ;
#906 = SURFACE_STYLE_USAGE ( .BOTH. , #365 ) ;
#907 =( GEOMETRIC_REPRESENTATION_CONTEXT ( 3 ) GLOBAL_UNCERTAINTY_ASSIGNED_CONTEXT ( ( #834 ) ) GLOBAL_UNIT_ASSIGNED_CONTEXT ( ( #1183, #461, #736 ) ) REPRESENTATION_CONTEXT ( 'NONE', 'WORKASPACE' ) );
#908 = PRESENTATION_STYLE_ASSIGNMENT (( #900 ) ) ;
#909 = UNCERTAINTY_MEASURE_WITH_UNIT (LENGTH_MEASURE( 1.000000000000000082E-05 ), #202, 'distance_accuracy_value', 'NONE');
#910 = B_SPLINE_CURVE_WITH_KNOTS ( 'NONE', 3,
 ( #198, #107, #351, #469 ),
 .UNSPECIFIED., .F., .F.,
 ( 4, 4 ),
 ( 0.000000000000000000, 0.9709557007683751184 ),
 .UNSPECIFIED. ) ;
#911 = DIRECTION ( 'NONE',  ( 0.000000000000000000, 0.000000000000000000, 1.000000000000000000 ) ) ;
#912 = VERTEX_POINT ( 'NONE', #256 ) ;
#913 = CIRCLE ( 'NONE', #449, 1.599999999999999645 ) ;
#914 = CARTESIAN_POINT ( 'NONE',  ( -18.20113377625996876, -1.590808908852754833, -0.1712513226655630327 ) ) ;
#915 = CARTESIAN_POINT ( 'NONE',  ( -25.00000000000001066, -0.08333131065401315485, -0.1376552841409546812 ) ) ;
#916 = ORIENTED_EDGE ( 'NONE', *, *, #956, .F. ) ;
#917 = CARTESIAN_POINT ( 'NONE',  ( 0.000000000000000000, 0.000000000000000000, 1.599999999999999645 ) ) ;
#918 = B_SPLINE_CURVE_WITH_KNOTS ( 'NONE', 3,
 ( #458, #1052, #832, #1111 ),
 .UNSPECIFIED., .F., .F.,
 ( 4, 4 ),
 ( 5.871213345037652917E-16, 0.002841997094635919513 ),
 .UNSPECIFIED. ) ;
#919 = EDGE_CURVE ( 'NONE', #844, #635, #582, .T. ) ;
#920 =( LENGTH_UNIT ( ) NAMED_UNIT ( * ) SI_UNIT ( .MILLI., .METRE. ) );
#921 = ORIENTED_EDGE ( 'NONE', *, *, #194, .T. ) ;
#922 = CARTESIAN_POINT ( 'NONE',  ( -22.61626783171166721, -0.1729554614583320993, -0.1325694245591183262 ) ) ;
#923 = CARTESIAN_POINT ( 'NONE',  ( 25.00000000000000000, 0.000000000000000000, 0.000000000000000000 ) ) ;
#924 = SURFACE_STYLE_USAGE ( .BOTH. , #206 ) ;
#925 = CARTESIAN_POINT ( 'NONE',  ( -18.00118450608866638, 0.02719334618760321787, -1.599937307057250901 ) ) ;
#926 = ORIENTED_EDGE ( 'NONE', *, *, #1132, .F. ) ;
#927 = AXIS2_PLACEMENT_3D ( 'NONE', #724, #806, #633 ) ;
#928 = PRESENTATION_LAYER_ASSIGNMENT (  '', '', ( #352 ) ) ;
#929 = FILL_AREA_STYLE_COLOUR ( '', #466 ) ;
#930 = CARTESIAN_POINT ( 'NONE',  ( -22.61547469331778970, 0.1376552841409537931, -0.08333131065401458426 ) ) ;
#931 = CARTESIAN_POINT ( 'NONE',  ( -18.00000000000000355, 1.987587720046635864, 0.6481222664860166738 ) ) ;
#932 = SURFACE_STYLE_FILL_AREA ( #1040 ) ;
#933 = FILL_AREA_STYLE ('',( #464 ) ) ;
#934 = CARTESIAN_POINT ( 'NONE',  ( -14.00000000000000000, 1.959434878635764737E-16, -1.599999999999999645 ) ) ;
#935 = AXIS2_PLACEMENT_3D ( 'NONE', #144, #32, #137 ) ;
#936 =( NAMED_UNIT ( * ) PLANE_ANGLE_UNIT ( ) SI_UNIT ( $, .RADIAN. ) );
#937 = ORIENTED_EDGE ( 'NONE', *, *, #228, .F. ) ;
#938 = B_SPLINE_CURVE_WITH_KNOTS ( 'NONE', 3,
 ( #601, #138, #498, #857, #49, #963, #153, #769, #145, #512, #63, #807, #883, #1179, #1079, #168 ),
 .UNSPECIFIED., .F., .F.,
 ( 4, 2, 2, 2, 2, 2, 2, 4 ),
 ( 0.000000000000000000, 0.002330304468570346208, 0.003495456702855513458, 0.004078032819998102937, 0.004369320878569392906, 0.004514964907855032253, 0.004587786922497852360, 0.004660608937140672467 ),
 .UNSPECIFIED. ) ;
#939 =( NAMED_UNIT ( * ) SI_UNIT ( $, .STERADIAN. ) SOLID_ANGLE_UNIT ( ) );
#940 = CIRCLE ( 'NONE', #825, 0.3000000000000000444 ) ;
#941 = PRESENTATION_LAYER_ASSIGNMENT (  '', '', ( #467 ) ) ;
#942 = ORIENTED_EDGE ( 'NONE', *, *, #1132, .T. ) ;
#943 = STYLED_ITEM ( 'NONE', ( #580 ), #313 ) ;
#944 = CARTESIAN_POINT ( 'NONE',  ( -18.00000000000000711, 1.600013649028807272, 0.003979682306033939521 ) ) ;
#945 = CARTESIAN_POINT ( 'NONE',  ( -18.00000000000000000, 2.569300176845830563, -1.478893752160843400 ) ) ;
#946 = B_SPLINE_CURVE_WITH_KNOTS ( 'NONE', 3,
 ( #403, #1125, #691, #481 ),
 .UNSPECIFIED., .F., .F.,
 ( 4, 4 ),
 ( 0.000000000000000000, 0.9709557007683761176 ),
 .UNSPECIFIED. ) ;
#947 = CARTESIAN_POINT ( 'NONE',  ( -18.17479553524774971, 1.591925565322596103, -0.1614529097659290757 ) ) ;
#948 = DIRECTION ( 'NONE',  ( 0.000000000000000000, 0.000000000000000000, 1.000000000000000000 ) ) ;
#949 = EDGE_LOOP ( 'NONE', ( #294, #553, #64, #863 ) ) ;
#950 = EDGE_CURVE ( 'NONE', #177, #977, #448, .T. ) ;
#951 = SURFACE_STYLE_FILL_AREA ( #557 ) ;
#952 = CARTESIAN_POINT ( 'NONE',  ( -22.63514781053091340, 1.000074189634903465, -0.8266044443118970575 ) ) ;
#953 = ADVANCED_FACE ( 'NONE', ( #358 ), #954, .F. ) ;
#954 = B_SPLINE_SURFACE_WITH_KNOTS ( 'NONE', 3, 3, ( 
 ( #374, #1067, #84, #156 ),
 ( #174, #1072, #415, #247 ),
 ( #514, #336, #421, #1148 ),
 ( #242, #981, #1160, #1077 ) ),
 .UNSPECIFIED., .F., .F., .F.,
 ( 4, 4 ),
 ( 4, 4 ),
 ( 0.000000000000000000, 1.000000000000000000 ),
 ( 0.000000000000000000, 1.000000000000000000 ),
 .UNSPECIFIED. ) ;
#955 = CARTESIAN_POINT ( 'NONE',  ( -21.72543522816421202, 1.339025842342404404, -0.8784068076382514079 ) ) ;
#956 = EDGE_CURVE ( 'NONE', #734, #912, #213, .T. ) ;
#957 = CARTESIAN_POINT ( 'NONE',  ( -22.61547469331778970, 0.08333131065401411242, 0.1376552841409540984 ) ) ;
#958 = EDGE_LOOP ( 'NONE', ( #9, #615, #97, #14, #972, #690, #621 ) ) ;
#959 = CARTESIAN_POINT ( 'NONE',  ( -25.00000000000006040, -0.08332723712426796936, 0.1376540976562542762 ) ) ;
#960 = CARTESIAN_POINT ( 'NONE',  ( -18.00000000000001066, 2.371691740233772630E-11, 1.599983768174977783 ) ) ;
#961 = CARTESIAN_POINT ( 'NONE',  ( -22.50000000000006750, -0.9334247919066055443, -1.299506890268038672 ) ) ;
#962 = CARTESIAN_POINT ( 'NONE',  ( -24.16650224770387467, -0.5425961563650094632, -0.4427347953234235245 ) ) ;
#963 = CARTESIAN_POINT ( 'NONE',  ( -18.86617478787883684, -1.553280701416734688, 0.3870123676145885705 ) ) ;
#964 = VERTEX_POINT ( 'NONE', #693 ) ;
#965 = B_SPLINE_CURVE_WITH_KNOTS ( 'NONE', 3,
 ( #622, #59, #317, #986, #1076, #780, #340, #973 ),
 .UNSPECIFIED., .F., .F.,
 ( 4, 2, 2, 4 ),
 ( 3.552416999740672616E-18, 0.001094154664868830741, 0.002188309329737658012, 0.004376618659475302146 ),
 .UNSPECIFIED. ) ;
#966 =( NAMED_UNIT ( * ) PLANE_ANGLE_UNIT ( ) SI_UNIT ( $, .RADIAN. ) );
#967 =( GEOMETRIC_REPRESENTATION_CONTEXT ( 3 ) GLOBAL_UNCERTAINTY_ASSIGNED_CONTEXT ( ( #565 ) ) GLOBAL_UNIT_ASSIGNED_CONTEXT ( ( #581, #849, #67 ) ) REPRESENTATION_CONTEXT ( 'NONE', 'WORKASPACE' ) );
#968 = CARTESIAN_POINT ( 'NONE',  ( -18.68008865524319617, 0.3342818334484258247, 1.565872808081538503 ) ) ;
#969 = CARTESIAN_POINT ( 'NONE',  ( 0.000000000000000000, 0.000000000000000000, 0.000000000000000000 ) ) ;
#970 =( GEOMETRIC_REPRESENTATION_CONTEXT ( 3 ) GLOBAL_UNCERTAINTY_ASSIGNED_CONTEXT ( ( #1092 ) ) GLOBAL_UNIT_ASSIGNED_CONTEXT ( ( #493, #579, #939 ) ) REPRESENTATION_CONTEXT ( 'NONE', 'WORKASPACE' ) );
#971 = CARTESIAN_POINT ( 'NONE',  ( -22.62659930200684499, 0.4869184463736512813, 0.5952521812380505706 ) ) ;
#972 = ORIENTED_EDGE ( 'NONE', *, *, #30, .F. ) ;
#973 = CARTESIAN_POINT ( 'NONE',  ( -22.50000000000003553, -0.9335783622289636208, 1.299396568249255202 ) ) ;
#974 = CARTESIAN_POINT ( 'NONE',  ( -14.00000000000000000, 0.000000000000000000, 1.599999999999999645 ) ) ;
#975 = CARTESIAN_POINT ( 'NONE',  ( -20.31376068714084937, -0.6251307627842784820, 1.360077359386055784 ) ) ;
#976 =( NAMED_UNIT ( * ) PLANE_ANGLE_UNIT ( ) SI_UNIT ( $, .RADIAN. ) );
#977 = VERTEX_POINT ( 'NONE', #974 ) ;
#978 = B_SPLINE_CURVE_WITH_KNOTS ( 'NONE', 3,
 ( #135, #494, #591, #860, #51, #774, #200, #1010 ),
 .UNSPECIFIED., .F., .F.,
 ( 4, 2, 2, 4 ),
 ( 1.773466118204371843E-17, 0.001094154664868837029, 0.002188309329737656277, 0.004376618659475284799 ),
 .UNSPECIFIED. ) ;
#979 = DIRECTION ( 'NONE',  ( -1.000000000000000000, -0.000000000000000000, -0.000000000000000000 ) ) ;
#980 = DIRECTION ( 'NONE',  ( 0.000000000000000000, 0.000000000000000000, 1.000000000000000000 ) ) ;
#981 = CARTESIAN_POINT ( 'NONE',  ( -20.32461156953715786, -2.228425074538240569, -1.550110468823711063 ) ) ;
#982 = FACE_OUTER_BOUND ( 'NONE', #1169, .T. ) ;
#983 = FILL_AREA_STYLE_COLOUR ( '', #130 ) ;
#984 = VERTEX_POINT ( 'NONE', #795 ) ;
#985 = MECHANICAL_DESIGN_GEOMETRIC_PRESENTATION_REPRESENTATION (  '', ( #170 ), #682 ) ;
#986 = CARTESIAN_POINT ( 'NONE',  ( -19.60576139100624005, -0.5664001325080213478, 1.498950623278130001 ) ) ;
#987 = VECTOR ( 'NONE', #815, 1000.000000000000000 ) ;
#988 = STYLED_ITEM ( 'NONE', ( #677 ), #319 ) ;
#989 = CARTESIAN_POINT ( 'NONE',  ( -18.12897881654184928, 0.1427950448659245086, 1.593835842868964958 ) ) ;
#990 = CARTESIAN_POINT ( 'NONE',  ( -18.20113377625996876, -1.590808908852754833, -0.1712513226655630327 ) ) ;
#991 = ORIENTED_EDGE ( 'NONE', *, *, #950, .F. ) ;
#992 = ADVANCED_FACE ( 'NONE', ( #509 ), #54, .T. ) ;
#993 = CARTESIAN_POINT ( 'NONE',  ( -25.00000000000000000, -0.1729554614583320993, 0.1325694245591184095 ) ) ;
#994 = CARTESIAN_POINT ( 'NONE',  ( -22.64922313907430862, -1.499999999999981348, -1.802595762363192966 ) ) ;
#995 = CARTESIAN_POINT ( 'NONE',  ( -18.00000000000000355, 1.638356368063486279, 0.1493682072594299248 ) ) ;
#996 = DIRECTION ( 'NONE',  ( -1.000000000000000000, -0.000000000000000000, -0.000000000000000000 ) ) ;
#997 = ORIENTED_EDGE ( 'NONE', *, *, #1158, .T. ) ;
#998 = ADVANCED_FACE ( 'NONE', ( #869 ), #221, .T. ) ;
#999 = COLOUR_RGB ( '',1.000000000000000000, 1.000000000000000000, 1.000000000000000000 ) ;
#1000 = CARTESIAN_POINT ( 'NONE',  ( -20.30773734665889307, -0.8742194326444682195, 0.08989663800490524381 ) ) ;
#1001 = CARTESIAN_POINT ( 'NONE',  ( -25.00000000000002842, 0.08332723712426894080, -0.1376540976562537211 ) ) ;
#1002 = B_SPLINE_CURVE_WITH_KNOTS ( 'NONE', 3,
 ( #1003, #717, #452, #1168, #816, #8, #337 ),
 .UNSPECIFIED., .F., .F.,
 ( 4, 1, 1, 1, 4 ),
 ( 1.072544570838985360E-15, 8.681502110523234999E-05, 0.0001736300424039612859, 0.0002604450637026899779, 0.0003472600850014189409 ),
 .UNSPECIFIED. ) ;
#1003 = CARTESIAN_POINT ( 'NONE',  ( -25.00000000000000000, 0.1975526169075559058, -0.1532088886262734095 ) ) ;
#1004 = ORIENTED_EDGE ( 'NONE', *, *, #77, .F. ) ;
#1005 = CARTESIAN_POINT ( 'NONE',  ( 25.00000000000000000, 1.959434878635764737E-16, -1.599999999999999645 ) ) ;
#1006 = CARTESIAN_POINT ( 'NONE',  ( -25.00000000000000355, 0.6021392590825384028, -0.7325669987254735949 ) ) ;
#1007 = CARTESIAN_POINT ( 'NONE',  ( -25.00000000000002132, -0.4869184463736471180, -0.5952521812380540123 ) ) ;
#1008 = UNCERTAINTY_MEASURE_WITH_UNIT (LENGTH_MEASURE( 1.000000000000000082E-05 ), #920, 'distance_accuracy_value', 'NONE');
#1009 = EDGE_CURVE ( 'NONE', #283, #820, #420, .T. ) ;
#1010 = CARTESIAN_POINT ( 'NONE',  ( -22.50000000000001776, 1.299396568249282291, 0.9335783622290677597 ) ) ;
#1011 = ORIENTED_EDGE ( 'NONE', *, *, #829, .T. ) ;
#1012 = PRODUCT_DEFINITION_FORMATION_WITH_SPECIFIED_SOURCE ( 'ä»', '', #596, .NOT_KNOWN. ) ;
#1013 = CARTESIAN_POINT ( 'NONE',  ( -25.00000000000000000, 0.000000000000000000, 0.000000000000000000 ) ) ;
#1014 = CARTESIAN_POINT ( 'NONE',  ( -20.30813391585583361, 0.1409688159092836179, -0.9056559147609075655 ) ) ;
#1015 = CARTESIAN_POINT ( 'NONE',  ( -18.20113377625997586, -0.1712513226655686671, 1.590808908852754833 ) ) ;
#1016 = ORIENTED_EDGE ( 'NONE', *, *, #1170, .F. ) ;
#1017 = CARTESIAN_POINT ( 'NONE',  ( -20.30813391585583361, -0.9056559147609090088, -0.1409688159092741533 ) ) ;
#1018 = CARTESIAN_POINT ( 'NONE',  ( -18.00000000000000711, 1.600013649028807272, 0.003979682306033939521 ) ) ;
#1019 = CARTESIAN_POINT ( 'NONE',  ( -18.00000000000002132, -0.8861469342763470536, -2.154254386713309710 ) ) ;
#1020 = ORIENTED_EDGE ( 'NONE', *, *, #823, .T. ) ;
#1021 = UNCERTAINTY_MEASURE_WITH_UNIT (LENGTH_MEASURE( 1.000000000000000082E-05 ), #398, 'distance_accuracy_value', 'NONE');
#1022 = SURFACE_STYLE_USAGE ( .BOTH. , #22 ) ;
#1023 =( NAMED_UNIT ( * ) SI_UNIT ( $, .STERADIAN. ) SOLID_ANGLE_UNIT ( ) );
#1024 = CARTESIAN_POINT ( 'NONE',  ( -17.99999999999999645, 1.610783581147982257, -0.09646196535579587561 ) ) ;
#1025 = FILL_AREA_STYLE ('',( #669 ) ) ;
#1026 = DIRECTION ( 'NONE',  ( -1.000000000000000000, 0.000000000000000000, -0.000000000000000000 ) ) ;
#1027 = CONICAL_SURFACE ( 'NONE', #666, 1.599999999999999645, 0.4951332634684062484 ) ;
#1028 = MECHANICAL_DESIGN_GEOMETRIC_PRESENTATION_REPRESENTATION (  '', ( #419 ), #967 ) ;
#1029 = ADVANCED_FACE ( 'NONE', ( #1151 ), #773, .F. ) ;
#1030 = CARTESIAN_POINT ( 'NONE',  ( -18.01254899768525419, -1.599371447876521524, -0.04819121268286324922 ) ) ;
#1031 = DIRECTION ( 'NONE',  ( 0.000000000000000000, 1.000000000000000000, 1.011922027653137261E-14 ) ) ;
#1032 = SURFACE_SIDE_STYLE ('',( #1038 ) ) ;
#1033 = CARTESIAN_POINT ( 'NONE',  ( -18.54629215115727803, 0.3013775352812376740, -1.576800761236853976 ) ) ;
#1034 = AXIS2_PLACEMENT_3D ( 'NONE', #80, #520, #882 ) ;
#1035 =( LENGTH_UNIT ( ) NAMED_UNIT ( * ) SI_UNIT ( .MILLI., .METRE. ) );
#1036 = UNCERTAINTY_MEASURE_WITH_UNIT (LENGTH_MEASURE( 1.000000000000000082E-05 ), #474, 'distance_accuracy_value', 'NONE');
#1037 = CARTESIAN_POINT ( 'NONE',  ( -18.00000000000000355, 1.600220937647450103, -2.654254386713286173 ) ) ;
#1038 = SURFACE_STYLE_FILL_AREA ( #1025 ) ;
#1039 = PRODUCT_DEFINITION ( 'æœ', '', #1012, #7 ) ;
#1040 = FILL_AREA_STYLE ('',( #1129 ) ) ;
#1041 = EDGE_CURVE ( 'NONE', #349, #718, #1126, .T. ) ;
#1042 = CARTESIAN_POINT ( 'NONE',  ( -22.64922313907430862, 1.500000000000019096, -1.802595762363162102 ) ) ;
#1043 = CARTESIAN_POINT ( 'NONE',  ( -22.50000000000000355, 0.000000000000000000, 0.000000000000000000 ) ) ;
#1044 = CARTESIAN_POINT ( 'NONE',  ( -19.80737925900039187, 1.482502830002777827, -0.6059249914195314890 ) ) ;
#1045 = EDGE_CURVE ( 'NONE', #356, #283, #362, .T. ) ;
#1046 = COLOUR_RGB ( '',0.8980392156862745390, 0.8980392156862745390, 0.8980392156862745390 ) ;
#1047 = AXIS2_PLACEMENT_3D ( 'NONE', #432, #874, #800 ) ;
#1048 = MECHANICAL_DESIGN_GEOMETRIC_PRESENTATION_REPRESENTATION (  '', ( #311 ), #529 ) ;
#1049 = CARTESIAN_POINT ( 'NONE',  ( -25.00000000000000000, -0.1532088886237966130, 0.1975526169066303128 ) ) ;
#1050 = VERTEX_POINT ( 'NONE', #1056 ) ;
#1051 = CARTESIAN_POINT ( 'NONE',  ( -20.32461156953715786, 1.550110468823734600, -2.228425074538224582 ) ) ;
#1052 = CARTESIAN_POINT ( 'NONE',  ( -24.16655752863639250, -0.4427155931767078334, -0.5425732713929413142 ) ) ;
#1053 = CARTESIAN_POINT ( 'NONE',  ( -20.31329965100341894, 1.250934644171041610, -0.5097013466905037093 ) ) ;
#1054 = CARTESIAN_POINT ( 'NONE',  ( -18.86617478787994173, 1.553280701416659193, -0.3870123676148923275 ) ) ;
#1055 = CARTESIAN_POINT ( 'NONE',  ( -22.61667049188537604, -0.1532088886237966130, 0.1975526169066303128 ) ) ;
#1056 = CARTESIAN_POINT ( 'NONE',  ( -25.00000000000000000, -0.1975526169066305071, -0.1532088886237955860 ) ) ;
#1057 = CARTESIAN_POINT ( 'NONE',  ( -18.06661533908524930, 0.1031257639661865566, 1.596728172394854983 ) ) ;
#1058 = CYLINDRICAL_SURFACE ( 'NONE', #357, 1.599999999999999645 ) ;
#1059 = DIRECTION ( 'NONE',  ( -1.000000000000000000, -0.000000000000000000, -0.000000000000000000 ) ) ;
#1060 = VERTEX_POINT ( 'NONE', #121 ) ;
#1061 = CARTESIAN_POINT ( 'NONE',  ( -24.16655752863639961, 0.5425732713926199047, -0.4427155931768774200 ) ) ;
#1062 = CARTESIAN_POINT ( 'NONE',  ( -18.00127328987145958, 0.02893092954390389521, 1.599932993976711737 ) ) ;
#1063 = SURFACE_SIDE_STYLE ('',( #702 ) ) ;
#1064 = CARTESIAN_POINT ( 'NONE',  ( -20.30773734665889307, 0.08989663800490220458, 0.8742194326444685526 ) ) ;
#1065 = ORIENTED_EDGE ( 'NONE', *, *, #604, .F. ) ;
#1066 = CARTESIAN_POINT ( 'NONE',  ( -18.00000000000000355, -6.208103146669373512E-15, 1.899999999999999689 ) ) ;
#1067 = CARTESIAN_POINT ( 'NONE',  ( -20.30833524594268980, -0.9259035018099666114, -0.1626409097645547530 ) ) ;
#1068 = CARTESIAN_POINT ( 'NONE',  ( -20.31329965100341894, 0.5097013466904993795, 1.250934644171043386 ) ) ;
#1069 = EDGE_LOOP ( 'NONE', ( #937, #872, #186, #791 ) ) ;
#1070 = DIRECTION ( 'NONE',  ( -1.000000000000000000, -0.000000000000000000, 0.000000000000000000 ) ) ;
#1071 = AXIS2_PLACEMENT_3D ( 'NONE', #342, #716, #1078 ) ;
#1072 = CARTESIAN_POINT ( 'NONE',  ( -20.31376068714084937, -1.360077359386058005, -0.6251307627842737080 ) ) ;
#1073 = CARTESIAN_POINT ( 'NONE',  ( -20.31918612833900184, -1.087620615803998714, 1.794251216962145179 ) ) ;
#1074 = CARTESIAN_POINT ( 'NONE',  ( -25.00000000000000000, -0.1975526169075330907, 0.1532088886263455463 ) ) ;
#1075 = ORIENTED_EDGE ( 'NONE', *, *, #574, .F. ) ;
#1076 = CARTESIAN_POINT ( 'NONE',  ( -19.96312733737967804, -0.6339868331432646498, 1.470417600615937070 ) ) ;
#1077 = CARTESIAN_POINT ( 'NONE',  ( -25.00000000000000355, -1.802595762363177645, -1.500000000000000222 ) ) ;
#1078 = DIRECTION ( 'NONE',  ( 0.000000000000000000, 0.000000000000000000, 1.000000000000000000 ) ) ;
#1079 = CARTESIAN_POINT ( 'NONE',  ( -18.00127328987145248, -1.599932993976711293, 0.02893092954389992616 ) ) ;
#1080 = ORIENTED_EDGE ( 'NONE', *, *, #813, .T. ) ;
#1081 = ADVANCED_FACE ( 'NONE', ( #846 ), #133, .T. ) ;
#1082 = CARTESIAN_POINT ( 'NONE',  ( -18.00000000000000355, -1.610768229024620135, -0.09645675438422073034 ) ) ;
#1083 = COLOUR_RGB ( '',1.000000000000000000, 1.000000000000000000, 1.000000000000000000 ) ;
#1084 = CARTESIAN_POINT ( 'NONE',  ( -17.99999999999999645, -1.239809621545357787, -2.401891666322585106 ) ) ;
#1085 = EDGE_CURVE ( 'NONE', #522, #844, #264, .T. ) ;
#1086 = FILL_AREA_STYLE_COLOUR ( '', #566 ) ;
#1087 = MECHANICAL_DESIGN_GEOMETRIC_PRESENTATION_REPRESENTATION (  '', ( #352 ), #970 ) ;
#1088 = DIRECTION ( 'NONE',  ( -1.000000000000000000, -0.000000000000000000, -0.000000000000000000 ) ) ;
#1089 = ORIENTED_EDGE ( 'NONE', *, *, #865, .T. ) ;
#1090 = CARTESIAN_POINT ( 'NONE',  ( -25.00000000000002842, -0.1376540976562545815, -0.08332723712426749751 ) ) ;
#1091 = CARTESIAN_POINT ( 'NONE',  ( -20.30811854722243837, -0.1409688159092651327, -0.9056559147609108962 ) ) ;
#1092 = UNCERTAINTY_MEASURE_WITH_UNIT (LENGTH_MEASURE( 1.000000000000000082E-05 ), #493, 'distance_accuracy_value', 'NONE');
#1093 = CARTESIAN_POINT ( 'NONE',  ( 0.000000000000000000, 1.959434878635764737E-16, -1.599999999999999645 ) ) ;
#1094 = SURFACE_STYLE_FILL_AREA ( #343 ) ;
#1095 = ORIENTED_EDGE ( 'NONE', *, *, #155, .T. ) ;
#1096 = CIRCLE ( 'NONE', #324, 0.3000000000000000444 ) ;
#1097 = CARTESIAN_POINT ( 'NONE',  ( -25.00000000000000000, -0.3289923862951518729, 0.2634999506397303626 ) ) ;
#1098 = CARTESIAN_POINT ( 'NONE',  ( -20.31376068714084937, 0.6251307627842879189, -1.360077359386051343 ) ) ;
#1099 = CARTESIAN_POINT ( 'NONE',  ( -20.31757390526546914, -0.8563756892941167820, -1.577164288174111029 ) ) ;
#1100 = CARTESIAN_POINT ( 'NONE',  ( -25.00000000000000000, -0.1729554614583320993, -0.1325694245591183262 ) ) ;
#1101 = ORIENTED_EDGE ( 'NONE', *, *, #214, .F. ) ;
#1102 = CARTESIAN_POINT ( 'NONE',  ( -22.62659930200684499, -0.5952521812380489052, 0.4869184463736533353 ) ) ;
#1103 = AXIS2_PLACEMENT_3D ( 'NONE', #1138, #652, #307 ) ;
#1104 =( GEOMETRIC_REPRESENTATION_CONTEXT ( 3 ) GLOBAL_UNCERTAINTY_ASSIGNED_CONTEXT ( ( #217 ) ) GLOBAL_UNIT_ASSIGNED_CONTEXT ( ( #530, #976, #87 ) ) REPRESENTATION_CONTEXT ( 'NONE', 'WORKASPACE' ) );
#1105 = CARTESIAN_POINT ( 'NONE',  ( -22.61552615870170513, 2.827791774616963838E-05, -0.1203341383440529599 ) ) ;
#1106 = CARTESIAN_POINT ( 'NONE',  ( -18.00118450608866638, -0.02719334618759837799, 1.599937307057251124 ) ) ;
#1107 = DIRECTION ( 'NONE',  ( 0.000000000000000000, 0.000000000000000000, 1.000000000000000000 ) ) ;
#1108 = PRESENTATION_LAYER_ASSIGNMENT (  '', '', ( #943 ) ) ;
#1109 = CARTESIAN_POINT ( 'NONE',  ( -17.99999999999999645, -2.401891666322571783, 1.239809621545383100 ) ) ;
#1110 = CARTESIAN_POINT ( 'NONE',  ( -25.00000000000000000, -1.499999999999981348, -1.802595762363192966 ) ) ;
#1111 = CARTESIAN_POINT ( 'NONE',  ( -22.50000000000006750, -0.9334247919066055443, -1.299506890268038672 ) ) ;
#1112 = ORIENTED_EDGE ( 'NONE', *, *, #865, .F. ) ;
#1113 = APPLICATION_CONTEXT ( 'automotive_design' ) ;
#1114 = CARTESIAN_POINT ( 'NONE',  ( -20.30776307935086322, 0.8574487458443112997, -2.179178239185394945E-06 ) ) ;
#1115 = CARTESIAN_POINT ( 'NONE',  ( -25.00000000000000355, 1.802595762363177645, 1.500000000000000222 ) ) ;
#1116 = DIRECTION ( 'NONE',  ( 0.000000000000000000, 0.000000000000000000, 1.000000000000000000 ) ) ;
#1117 = CARTESIAN_POINT ( 'NONE',  ( -18.00000000000001066, 1.600007250707868200, -0.003979260410521391275 ) ) ;
#1118 = FACE_OUTER_BOUND ( 'NONE', #897, .T. ) ;
#1119 = CARTESIAN_POINT ( 'NONE',  ( -18.00000000000000355, 0.6481222664860374350, -1.987587720046628981 ) ) ;
#1120 = DIRECTION ( 'NONE',  ( -1.000000000000000000, -0.000000000000000000, -0.000000000000000000 ) ) ;
#1121 = CARTESIAN_POINT ( 'NONE',  ( -25.00000000000000000, 1.802595762363177201, -1.500000000000000222 ) ) ;
#1122 = DIRECTION ( 'NONE',  ( 0.000000000000000000, -1.000000000000000000, -3.614007241618347587E-15 ) ) ;
#1123 = EDGE_CURVE ( 'NONE', #356, #349, #524, .T. ) ;
#1124 = PRESENTATION_STYLE_ASSIGNMENT (( #835 ) ) ;
#1125 = CARTESIAN_POINT ( 'NONE',  ( -22.68589262728662348, 0.1975526169066308402, 0.1532088886237959469 ) ) ;
#1126 = B_SPLINE_CURVE_WITH_KNOTS ( 'NONE', 3,
 ( #295, #387, #58, #841 ),
 .UNSPECIFIED., .F., .F.,
 ( 4, 4 ),
 ( 0.000000000000000000, 0.9709557007683750074 ),
 .UNSPECIFIED. ) ;
#1127 = LINE ( 'NONE', #1093, #109 ) ;
#1128 = CARTESIAN_POINT ( 'NONE',  ( -25.00000000000000000, 1.671155992974655780, -1.389708937984065695 ) ) ;
#1129 = FILL_AREA_STYLE_COLOUR ( '', #999 ) ;
#1130 = ORIENTED_EDGE ( 'NONE', *, *, #1158, .F. ) ;
#1131 = CARTESIAN_POINT ( 'NONE',  ( -25.00000000000000355, 1.051069629541278694, -1.267581380544317682 ) ) ;
#1132 = EDGE_CURVE ( 'NONE', #977, #332, #913, .T. ) ;
#1133 = CARTESIAN_POINT ( 'NONE',  ( -18.00000000000000355, 2.654254386713302161, -1.600220937647423014 ) ) ;
#1134 = DIRECTION ( 'NONE',  ( -1.000000000000000000, 0.000000000000000000, 0.000000000000000000 ) ) ;
#1135 = ORIENTED_EDGE ( 'NONE', *, *, #73, .T. ) ;
#1136 = EDGE_CURVE ( 'NONE', #674, #360, #946, .T. ) ;
#1137 = SURFACE_SIDE_STYLE ('',( #575 ) ) ;
#1138 = CARTESIAN_POINT ( 'NONE',  ( 25.00000000000000000, 0.000000000000000000, 0.000000000000000000 ) ) ;
#1139 = CARTESIAN_POINT ( 'NONE',  ( -18.06661533908641815, 1.596728172394797918, -0.1031257639670425663 ) ) ;
#1140 = AXIS2_PLACEMENT_3D ( 'NONE', #1043, #224, #1116 ) ;
#1141 = PRESENTATION_LAYER_ASSIGNMENT (  '', '', ( #254 ) ) ;
#1142 = CARTESIAN_POINT ( 'NONE',  ( -25.00000000000000000, 0.000000000000000000, 0.000000000000000000 ) ) ;
#1143 = B_SPLINE_SURFACE_WITH_KNOTS ( 'NONE', 3, 3, ( 
 ( #873, #71, #611, #507 ),
 ( #418, #787, #103, #455 ),
 ( #1109, #898, #1176, #279 ),
 ( #89, #15, #643, #370 ),
 ( #655, #94, #1102, #549 ),
 ( #719, #650, #363, #1097 ),
 ( #636, #631, #732, #993 ),
 ( #441, #1000, #819, #740 ),
 ( #809, #273, #545, #193 ),
 ( #1082, #560, #727, #1090 ),
 ( #178, #1017, #922, #460 ),
 ( #555, #345, #539, #822 ) ),
 .UNSPECIFIED., .F., .F., .F.,
 ( 4, 1, 1, 1, 2, 1, 1, 1, 4 ),
 ( 4, 4 ),
 ( 0.000000000000000000, 0.2105908094475574255, 0.4211816188951148510, 0.6317724283426724430, 0.8423632377902300350, 0.8817724283426725540, 0.9211816188951150730, 0.9605908094475574810, 1.000000000000000000 ),
 ( 0.000000000000000000, 1.000000000000000000 ),
 .UNSPECIFIED. ) ;
#1144 = CARTESIAN_POINT ( 'NONE',  ( -18.05978947073599272, -1.597054023442520343, -0.09788947776784037713 ) ) ;
#1145 = MANIFOLD_SOLID_BREP ( '\X2\520652727ebf\X0\1', #640 ) ;
#1146 = SURFACE_STYLE_USAGE ( .BOTH. , #472 ) ;
#1147 = CARTESIAN_POINT ( 'NONE',  ( -18.00000000000000711, 1.739208596580773314, -0.2934001163918943389 ) ) ;
#1148 = CARTESIAN_POINT ( 'NONE',  ( -25.00000000000000355, -1.267581380544328784, -1.051069629541265371 ) ) ;
#1149 = DIRECTION ( 'NONE',  ( 0.000000000000000000, 1.000000000000000000, 1.011922027653137261E-14 ) ) ;
#1150 = CARTESIAN_POINT ( 'NONE',  ( -20.30776307935086322, 2.179178236191628568E-06, 0.8574487458443112997 ) ) ;
#1151 = FACE_OUTER_BOUND ( 'NONE', #463, .T. ) ;
#1152 = PRESENTATION_STYLE_ASSIGNMENT (( #692 ) ) ;
#1153 = CARTESIAN_POINT ( 'NONE',  ( -18.12897881654184218, -0.1427950448659152938, -1.593835842868965402 ) ) ;
#1154 = FILL_AREA_STYLE ('',( #783 ) ) ;
#1155 = CIRCLE ( 'NONE', #935, 1.599999999999999645 ) ;
#1156 = CARTESIAN_POINT ( 'NONE',  ( -20.30773125568212834, -0.08989199575424716704, 0.8742111633404370252 ) ) ;
#1157 = ORIENTED_EDGE ( 'NONE', *, *, #538, .T. ) ;
#1158 = EDGE_CURVE ( 'NONE', #977, #798, #333, .T. ) ;
#1159 = DIRECTION ( 'NONE',  ( -1.000000000000000000, -0.000000000000000000, -0.000000000000000000 ) ) ;
#1160 = CARTESIAN_POINT ( 'NONE',  ( -22.64922313907430862, -1.802595762363177645, -1.500000000000000222 ) ) ;
#1161 = DIRECTION ( 'NONE',  ( -1.000000000000000000, 0.000000000000000000, 0.000000000000000000 ) ) ;
#1162 = CARTESIAN_POINT ( 'NONE',  ( -20.32461156953715786, 1.550110468823703957, 2.228425074538245010 ) ) ;
#1163 = EDGE_LOOP ( 'NONE', ( #102, #491, #630 ) ) ;
#1164 = CARTESIAN_POINT ( 'NONE',  ( -23.33324100230445453, 0.6893367894328806811, -0.9208350186104975466 ) ) ;
#1165 = DIRECTION ( 'NONE',  ( 0.000000000000000000, 0.000000000000000000, -1.000000000000000000 ) ) ;
#1166 = SURFACE_STYLE_FILL_AREA ( #789 ) ;
#1167 = AXIS2_PLACEMENT_3D ( 'NONE', #65, #412, #610 ) ;
#1168 = CARTESIAN_POINT ( 'NONE',  ( -24.99999999999997868, 0.1203341383440529599, 2.827791774490920253E-05 ) ) ;
#1169 = EDGE_LOOP ( 'NONE', ( #88, #926, #997, #1095, #235, #1011, #1016, #75, #696, #779, #817, #743, #1101, #884, #192, #499 ) ) ;
#1170 = EDGE_CURVE ( 'NONE', #430, #964, #609, .T. ) ;
#1171 = CARTESIAN_POINT ( 'NONE',  ( -25.00000000000004263, -0.1325694245591166054, -0.1729554614583334871 ) ) ;
#1172 = CARTESIAN_POINT ( 'NONE',  ( -20.95448961039824809, 0.7977924787620565006, 1.394046665503963167 ) ) ;
#1173 =( LENGTH_UNIT ( ) NAMED_UNIT ( * ) SI_UNIT ( .MILLI., .METRE. ) );
#1174 = DIRECTION ( 'NONE',  ( -1.000000000000000000, -0.000000000000000000, -0.000000000000000000 ) ) ;
#1175 = ORIENTED_EDGE ( 'NONE', *, *, #697, .T. ) ;
#1176 = CARTESIAN_POINT ( 'NONE',  ( -22.64328131213773787, -1.404896198031759802, 1.166290442250144110 ) ) ;
#1177 = CARTESIAN_POINT ( 'NONE',  ( -25.00000000000000000, 0.1325694245591201303, -0.1729554614583307115 ) ) ;
#1178 = CARTESIAN_POINT ( 'NONE',  ( -22.61623709444486963, 0.1729554614583320993, -0.1325694245591184095 ) ) ;
#1179 = CARTESIAN_POINT ( 'NONE',  ( -18.01428555551405708, -1.599284207693320692, 0.05130668679054635473 ) ) ;
#1180 = VERTEX_POINT ( 'NONE', #287 ) ;
#1181 = DIRECTION ( 'NONE',  ( -1.000000000000000000, -0.000000000000000000, -0.000000000000000000 ) ) ;
#1182 = PRESENTATION_LAYER_ASSIGNMENT (  '', '', ( #988 ) ) ;
#1183 =( LENGTH_UNIT ( ) NAMED_UNIT ( * ) SI_UNIT ( .MILLI., .METRE. ) );
ENDSEC;
END-ISO-10303-21;
